Workbook

Sheet TAX
A2: ຕາຕະລາງຄິດໄລ່ອາກອນເງິນເດືອນ
A3: ບໍລິສັດ ມິຢາໂມໂຕ້ (ລາວ) ຈຳກັດຜູ້ດຽວ
A4: ບ້ານໜອງຜື ນຄອນໄກສອນ ແຂວງສະຫວັນນະເຂດ
A5: ໂທ: 020 23333500 | F5: ຕ່າງປະເທດ
A6: No | B6: Employee ID | C6: Employee Name | D6: Phone Number | E6: Position | F6: Nationality | G6: Working Days | H6: Basic Salary | I6: Overtime Pay | J6: Night Shift Allowance | K6: Safety Allowance | L6: Cooperation Allowance | M6: Other Allowance | N6: Diligence Allowance | O6: 5S Allowance | P6: Housing Allowance | Q6: Production Target Allowance | R6: Position Allowance | S6: Fuel Allowance | T6: Total Earnings | U6: Social Security | V6: Late Penalty (1-10 mins) | W6: Late Penalty (10-30 mins) | X6: Late Penalty (30+ mins) | Y6: Absence Deduction | Z6: incomplete Month Deduction | AA6: Total Deductions | AB6: Taxable Income | AC6: Tax Exemption (200,000 LAK) | AD6: Income Tax (5%) | AE6: Net Income | AF6: Salary Advance Deduction | AG6: Net Salary Paid | AH6: Column1 | AI6: Column2 | AJ6: Column3 | AK6: Bank Account | AL6: Salary | AM6: Deduction | AN6: Before Tax | AO6: Other Benefits | AP6: Column4
A7: {=_xlfn.SEQUENCE(COUNTA(B7:B136))} -> 1 | B7: MYL000001 | C7: MR PHICHAI EIAMWATTANASILP | D7: 66617893562 | E7: Director | F7: ຕ່າງປະເທດ | G7: 26 | H7: =100000*680.67 -> 68067000 | I7: =SUMIF($B$7:$B$175,OT!B8,OT!$S$8:$S$160) -> 0 | J7: =SUMIF($B$7:$B$136,เงินกะ!B8,เงินกะ!$M$8:$M$100) -> 0 | T7: =SUM(H7:S7) -> 68067000 | V7: =SUMIF($B$7:$B$136,'ขาด-ลา-มาสาย'!B8,'ขาด-ลา-มาสาย'!$K$8:$K$100) -> 0 | W7: =SUMIF($B$7:$B$136,'ขาด-ลา-มาสาย'!B8,'ขาด-ลา-มาสาย'!$N$8:$N$100) -> 0 | X7: =SUMIF($B$7:$B$136,'ขาด-ลา-มาสาย'!B8,'ขาด-ลา-มาสาย'!$Q$8:$Q$100) -> 0 | Y7: =SUMIF($B$7:$B$136,'ขาด-ลา-มาสาย'!B8,'ขาด-ลา-มาสาย'!$T$8:$T$100) -> 0 | Z7: =SUMIF($B$7:$B$136,'ขาด-ลา-มาสาย'!B8,'ขาด-ลา-มาสาย'!$W$8:$W$100) -> 0 | AA7: =SUM(U7:Z7) -> 0 | AB7: =T7-AA7 -> 68067000 | AC7: =AB7-0 -> 68067000 | AD7: =AC7*5% -> 3403350 | AE7: =AB7-AD7 -> 64663650 | AG7: =AE7-AF7 -> 64663650 | AH7: OF | AI7: =AE7/680 -> 95093.603 | AK7: NO ACCOUNT | AL7: =H7 -> 68067000 | AM7: =AA7 -> 0 | AN7: =AL7-AM7 -> 68067000 | AO7: =SUM(I7:S7) -> 0 | AP7: =AE7 -> 64663650 | AQ7: 68081000
A8: 2 | B8: MYL000005 | C8: MR WEERASIT LEEGCHOUR | D8: 2098388245 | E8: Deputy director 04 | F8: ຕ່າງປະເທດ | G8: 26 | H8: =20000*680.67 -> 13613400 | I8: =SUMIF($B$7:$B$175,OT!B9,OT!$S$8:$S$160) -> 0 | J8: =SUMIF($B$7:$B$136,เงินกะ!B9,เงินกะ!$M$8:$M$100) -> 0 | T8: =SUM(H8:S8) -> 13613400 | V8: =SUMIF($B$7:$B$136,'ขาด-ลา-มาสาย'!B9,'ขาด-ลา-มาสาย'!$K$8:$K$100) -> 0 | W8: =SUMIF($B$7:$B$136,'ขาด-ลา-มาสาย'!B9,'ขาด-ลา-มาสาย'!$N$8:$N$100) -> 0 | X8: =SUMIF($B$7:$B$136,'ขาด-ลา-มาสาย'!B9,'ขาด-ลา-มาสาย'!$Q$8:$Q$100) -> 0 | Y8: =SUMIF($B$7:$B$136,'ขาด-ลา-มาสาย'!B9,'ขาด-ลา-มาสาย'!$T$8:$T$100) -> 0 | Z8: =SUMIF($B$7:$B$136,'ขาด-ลา-มาสาย'!B9,'ขาด-ลา-มาสาย'!$W$8:$W$100) -> 0 | AA8: =SUM(U8:Z8) -> 0 | AB8: =T8-AA8 -> 13613400 | AC8: =AB8-0 -> 13613400 | AD8: =AC8*5% -> 680670 | AE8: =AB8-AD8 -> 12932730 | AG8: =AE8-AF8 -> 12932730 | AH8: OF | AI8: =AE8/680 -> 19018.721 | AK8: NO ACCOUNT | AL8: =H8 -> 13613400 | AM8: =AA8 -> 0 | AN8: =AL8-AM8 -> 13613400 | AO8: =SUM(I8:S8) -> 0 | AP8: =AE8 -> 12932730
A9: 3 | B9: MYL000002 | C9: MRS Boualavanh BANPHACHA | D9: 2023333500 | E9: Deputy director 01 | F9: ພາຍໃນປະເທດ | G9: 26 | H9: =100000*680.67 -> 68067000 | I9: =SUMIF($B$7:$B$175,OT!B10,OT!$S$8:$S$160) -> 0 | J9: =SUMIF($B$7:$B$136,เงินกะ!B10,เงินกะ!$M$8:$M$100) -> 0 | T9: =SUM(H9:S9) -> 68067000 | V9: =SUMIF($B$7:$B$136,'ขาด-ลา-มาสาย'!B10,'ขาด-ลา-มาสาย'!$K$8:$K$100) -> 0 | W9: =SUMIF($B$7:$B$136,'ขาด-ลา-มาสาย'!B10,'ขาด-ลา-มาสาย'!$N$8:$N$100) -> 0 | X9: =SUMIF($B$7:$B$136,'ขาด-ลา-มาสาย'!B10,'ขาด-ลา-มาสาย'!$Q$8:$Q$100) -> 0 | Y9: =SUMIF($B$7:$B$136,'ขาด-ลา-มาสาย'!B10,'ขาด-ลา-มาสาย'!$T$8:$T$100) -> 0 | Z9: =SUMIF($B$7:$B$136,'ขาด-ลา-มาสาย'!B10,'ขาด-ลา-มาสาย'!$W$8:$W$100) -> 0 | AA9: =SUM(U9:Z9) -> 0 | AB9: =T9-AA9 -> 68067000 | AC9: =AB9-200000 -> 67867000 | AD9: =AC9*5% -> 3393350 | AE9: =AB9-AD9 -> 64673650 | AG9: =AE9-AF9 -> 64673650 | AH9: OF | AI9: =AE9/680 -> 95108.309 | AK9: NO ACCOUNT | AL9: =H9 -> 68067000 | AM9: =AA9 -> 0 | AN9: =AL9-AM9 -> 68067000 | AO9: =SUM(I9:S9) -> 0 | AP9: =AE9 -> 64673650
A10: 4 | B10: MYL000003 | C10: MRS DATSANY BANPHAXA | D10: 2023333800 | E10: Deputy director 02 | F10: ພາຍໃນປະເທດ | G10: 26 | H10: =40000*680.67 -> 27226800 | I10: =SUMIF($B$7:$B$175,OT!B11,OT!$S$8:$S$160) -> 0 | J10: =SUMIF($B$7:$B$136,เงินกะ!B11,เงินกะ!$M$8:$M$100) -> 0 | R10: =18000*680.81 -> 12254580 | T10: =SUM(H10:S10) -> 39481380 | V10: =SUMIF($B$7:$B$136,'ขาด-ลา-มาสาย'!B11,'ขาด-ลา-มาสาย'!$K$8:$K$100) -> 0 | W10: =SUMIF($B$7:$B$136,'ขาด-ลา-มาสาย'!B11,'ขาด-ลา-มาสาย'!$N$8:$N$100) -> 0 | X10: =SUMIF($B$7:$B$136,'ขาด-ลา-มาสาย'!B11,'ขาด-ลา-มาสาย'!$Q$8:$Q$100) -> 0 | Y10: =SUMIF($B$7:$B$136,'ขาด-ลา-มาสาย'!B11,'ขาด-ลา-มาสาย'!$T$8:$T$100) -> 0 | Z10: =SUMIF($B$7:$B$136,'ขาด-ลา-มาสาย'!B11,'ขาด-ลา-มาสาย'!$W$8:$W$100) -> 0 | AA10: =SUM(U10:Z10) -> 0 | AB10: =T10-AA10 -> 39481380 | AC10: =AB10-200000 -> 39281380 | AD10: =AC10*5% -> 1964069 | AE10: =AB10-AD10 -> 37517311 | AG10: =AE10-AF10 -> 37517311 | AH10: OF | AI10: =AE10/680 -> 55172.516 | AK10: NO ACCOUNT | AL10: =H10 -> 27226800 | AM10: =AA10 -> 0 | AN10: =AL10-AM10 -> 27226800 | AO10: =SUM(I10:S10) -> 12254580 | AP10: =AE10 -> 37517311
A11: 5 | B11: MYL000004 | C11: MISS BOUAVONE VANGVONGXAI | D11: 2076198111 | E11: Deputy director 03 | F11: ພາຍໃນປະເທດ | G11: 26 | H11: 13000000 | I11: =SUMIF($B$7:$B$175,OT!B12,OT!$S$8:$S$160) -> 0 | J11: =SUMIF($B$7:$B$136,เงินกะ!B12,เงินกะ!$M$8:$M$100) -> 0 | T11: =SUM(H11:S11) -> 13000000 | V11: =SUMIF($B$7:$B$136,'ขาด-ลา-มาสาย'!B12,'ขาด-ลา-มาสาย'!$K$8:$K$100) -> 0 | W11: =SUMIF($B$7:$B$136,'ขาด-ลา-มาสาย'!B12,'ขาด-ลา-มาสาย'!$N$8:$N$100) -> 0 | X11: =SUMIF($B$7:$B$136,'ขาด-ลา-มาสาย'!B12,'ขาด-ลา-มาสาย'!$Q$8:$Q$100) -> 0 | Y11: =SUMIF($B$7:$B$136,'ขาด-ลา-มาสาย'!B12,'ขาด-ลา-มาสาย'!$T$8:$T$100) -> 0 | Z11: =SUMIF($B$7:$B$136,'ขาด-ลา-มาสาย'!B12,'ขาด-ลา-มาสาย'!$W$8:$W$100) -> 0 | AA11: =SUM(U11:Z11) -> 0 | AB11: =T11-AA11 -> 13000000 | AC11: =AB11-200000 -> 12800000 | AD11: =AC11*5% -> 640000 | AE11: =AB11-AD11 -> 12360000 | AG11: =AE11-AF11 -> 12360000 | AH11: OF | AI11: =AE11/680 -> 18176.471 | AK11: 020-4-00-00-14636 | AL11: =H11 -> 13000000 | AM11: =AA11 -> 0 | AN11: =AL11-AM11 -> 13000000 | AO11: =SUM(I11:S11) -> 0 | AP11: =AE11 -> 12360000
A12: 6 | B12: MYL202210001 | C12: MR ANOUSACK THAMMAVONG | D12: 2077772708 | E12: Accounting | F12: ພາຍໃນປະເທດ | G12: 26 | H12: 10000000 | I12: =SUMIF($B$7:$B$175,OT!B13,OT!$S$8:$S$160) -> 0 | J12: =SUMIF($B$7:$B$136,เงินกะ!B13,เงินกะ!$M$8:$M$100) -> 0 | T12: =SUM(H12:S12) -> 10000000 | V12: =SUMIF($B$7:$B$136,'ขาด-ลา-มาสาย'!B13,'ขาด-ลา-มาสาย'!$K$8:$K$100) -> 0 | W12: =SUMIF($B$7:$B$136,'ขาด-ลา-มาสาย'!B13,'ขาด-ลา-มาสาย'!$N$8:$N$100) -> 0 | X12: =SUMIF($B$7:$B$136,'ขาด-ลา-มาสาย'!B13,'ขาด-ลา-มาสาย'!$Q$8:$Q$100) -> 0 | Y12: =SUMIF($B$7:$B$136,'ขาด-ลา-มาสาย'!B13,'ขาด-ลา-มาสาย'!$T$8:$T$100) -> 0 | Z12: =SUMIF($B$7:$B$136,'ขาด-ลา-มาสาย'!B13,'ขาด-ลา-มาสาย'!$W$8:$W$100) -> 0 | AA12: =SUM(U12:Z12) -> 0 | AB12: =T12-AA12 -> 10000000 | AC12: =AB12-200000 -> 9800000 | AD12: =AC12*5% -> 490000 | AE12: =AB12-AD12 -> 9510000 | AG12: =AE12-AF12 -> 9510000 | AH12: OF | AI12: =AE12/680 -> 13985.294 | AK12: 034-5-02-00-00385 | AL12: =H12 -> 10000000 | AM12: =AA12 -> 0 | AN12: =AL12-AM12 -> 10000000 | AO12: =SUM(I12:S12) -> 0 | AP12: =AE12 -> 9510000
A13: 7 | B13: MYL202001001 | C13: MR SONESAVANH PHENGPHINIT | D13: 02092539860 | E13: Accounting | F13: ພາຍໃນປະເທດ | G13: 26 | H13: 6832000 | I13: =SUMIF($B$7:$B$175,OT!B14,OT!$S$8:$S$160) -> 0 | J13: =SUMIF($B$7:$B$136,เงินกะ!B14,เงินกะ!$M$8:$M$100) -> 0 | T13: =SUM(H13:S13) -> 6832000 | V13: =SUMIF($B$7:$B$136,'ขาด-ลา-มาสาย'!B14,'ขาด-ลา-มาสาย'!$K$8:$K$100) -> 0 | W13: =SUMIF($B$7:$B$136,'ขาด-ลา-มาสาย'!B14,'ขาด-ลา-มาสาย'!$N$8:$N$100) -> 0 | X13: =SUMIF($B$7:$B$136,'ขาด-ลา-มาสาย'!B14,'ขาด-ลา-มาสาย'!$Q$8:$Q$100) -> 0 | Y13: =SUMIF($B$7:$B$136,'ขาด-ลา-มาสาย'!B14,'ขาด-ลา-มาสาย'!$T$8:$T$100) -> 0 | Z13: =SUMIF($B$7:$B$136,'ขาด-ลา-มาสาย'!B14,'ขาด-ลา-มาสาย'!$W$8:$W$100) -> 0 | AA13: =SUM(U13:Z13) -> 0 | AB13: =T13-AA13 -> 6832000 | AC13: =AB13-200000 -> 6632000 | AD13: =AC13*5% -> 331600 | AE13: =AB13-AD13 -> 6500400 | AG13: =AE13-AF13 -> 6500400 | AH13: OF | AI13: =AE13/680 -> 9559.4118 | AK13: 030-7-00-00-05957 | AL13: =H13 -> 6832000 | AM13: =AA13 -> 0 | AN13: =AL13-AM13 -> 6832000 | AO13: =SUM(I13:S13) -> 0 | AP13: =AE13 -> 6500400
A14: 8 | B14: MYL202408005 | C14: MISS CHANSAMONE PHANTHALAVONG | D14: 2099701293 | E14: Planning | F14: ພາຍໃນປະເທດ | G14: 26 | H14: 6000000 | I14: =SUMIF($B$7:$B$175,OT!B15,OT!$S$8:$S$160) -> 0 | J14: =SUMIF($B$7:$B$136,เงินกะ!B15,เงินกะ!$M$8:$M$100) -> 0 | R14: 2000000 | T14: =SUM(H14:S14) -> 8000000 | V14: =SUMIF($B$7:$B$136,'ขาด-ลา-มาสาย'!B15,'ขาด-ลา-มาสาย'!$K$8:$K$100) -> 0 | W14: =SUMIF($B$7:$B$136,'ขาด-ลา-มาสาย'!B15,'ขาด-ลา-มาสาย'!$N$8:$N$100) -> 0 | X14: =SUMIF($B$7:$B$136,'ขาด-ลา-มาสาย'!B15,'ขาด-ลา-มาสาย'!$Q$8:$Q$100) -> 0 | Y14: =SUMIF($B$7:$B$136,'ขาด-ลา-มาสาย'!B15,'ขาด-ลา-มาสาย'!$T$8:$T$100) -> 0 | Z14: =SUMIF($B$7:$B$136,'ขาด-ลา-มาสาย'!B15,'ขาด-ลา-มาสาย'!$W$8:$W$100) -> 0 | AA14: =SUM(U14:Z14) -> 0 | AB14: =T14-AA14 -> 8000000 | AC14: =AB14-200000 -> 7800000 | AD14: =AC14*5% -> 390000 | AE14: =AB14-AD14 -> 7610000 | AG14: =AE14-AF14 -> 7610000 | AH14: OF | AI14: =AE14/680 -> 11191.176 | AK14: 190-9-00-00-00951 | AL14: =H14 -> 6000000 | AM14: =AA14 -> 0 | AN14: =AL14-AM14 -> 6000000 | AO14: =SUM(I14:S14) -> 2000000 | AP14: =AE14 -> 7610000
A15: 9 | B15: MYT202602136 | C15: MRS BOUANGUEN SOMCHANMAVONG | D15: 2056516668 | E15: Planning | F15: ພາຍໃນປະເທດ | G15: 26 | H15: 4500000 | I15: =SUMIF($B$7:$B$175,OT!B16,OT!$S$8:$S$160) -> 0 | J15: =SUMIF($B$7:$B$136,เงินกะ!B16,เงินกะ!$M$8:$M$100) -> 0 | R15: 1000000 | S15: =400000/26*25.5 -> 392307.69 | T15: =SUM(H15:S15) -> 5892307.7 | U15: 93500 | V15: =SUMIF($B$7:$B$136,'ขาด-ลา-มาสาย'!B16,'ขาด-ลา-มาสาย'!$K$8:$K$100) -> 0 | W15: =SUMIF($B$7:$B$136,'ขาด-ลา-มาสาย'!B16,'ขาด-ลา-มาสาย'!$N$8:$N$100) -> 0 | X15: =SUMIF($B$7:$B$136,'ขาด-ลา-มาสาย'!B16,'ขาด-ลา-มาสาย'!$Q$8:$Q$100) -> 0 | Y15: =SUMIF($B$7:$B$136,'ขาด-ลา-มาสาย'!B16,'ขาด-ลา-มาสาย'!$T$8:$T$100) -> 86538.462 | Z15: =SUMIF($B$7:$B$136,'ขาด-ลา-มาสาย'!B16,'ขาด-ลา-มาสาย'!$W$8:$W$100) -> 0 | AA15: =SUM(U15:Z15) -> 180038.46 | AB15: =T15-AA15 -> 5712269.2 | AC15: =AB15-200000 -> 5512269.2 | AD15: =AC15*5% -> 275613.46 | AE15: =AB15-AD15 -> 5436655.8 | AG15: =AE15-AF15 -> 5436655.8 | AH15: PD | AI15: =AE15/680 -> 7995.082 | AK15: 030-3-00-00-06998 | AL15: =H15 -> 4500000 | AM15: =AA15 -> 180038.46 | AN15: =AL15-AM15 -> 4319961.5 | AO15: =SUM(I15:S15) -> 1392307.7 | AP15: =AE15 -> 5436655.8
A16: 10 | B16: MYL202606153 | C16: MR SEUAPA XAIYAVONG | D16: 2078150776 | E16: Planning | F16: ພາຍໃນປະເທດ | G16: 26 | H16: 3500000 | I16: =SUMIF($B$7:$B$175,OT!B17,OT!$S$8:$S$160) -> 0 | J16: =SUMIF($B$7:$B$136,เงินกะ!B17,เงินกะ!$M$8:$M$100) -> 0 | R16: 1000000 | S16: =400000/26*23 -> 353846.15 | T16: =SUM(H16:S16) -> 4853846.2 | V16: =SUMIF($B$7:$B$136,'ขาด-ลา-มาสาย'!B17,'ขาด-ลา-มาสาย'!$K$8:$K$100) -> 0 | W16: =SUMIF($B$7:$B$136,'ขาด-ลา-มาสาย'!B17,'ขาด-ลา-มาสาย'!$N$8:$N$100) -> 0 | X16: =SUMIF($B$7:$B$136,'ขาด-ลา-มาสาย'!B17,'ขาด-ลา-มาสาย'!$Q$8:$Q$100) -> 0 | Y16: =SUMIF($B$7:$B$136,'ขาด-ลา-มาสาย'!B17,'ขาด-ลา-มาสาย'!$T$8:$T$100) -> 0 | Z16: =SUMIF($B$7:$B$136,'ขาด-ลา-มาสาย'!B17,'ขาด-ลา-มาสาย'!$W$8:$W$100) -> 403846.15 | AA16: =SUM(U16:Z16) -> 403846.15 | AB16: =T16-AA16 -> 4450000 | AC16: =AB16-200000 -> 4250000 | AD16: =AC16*5% -> 212500 | AE16: =AB16-AD16 -> 4237500 | AG16: =AE16-AF16 -> 4237500
A17: 11 | B17: MYL202604144 | C17: MISS PHOSEE KIANGLANOUSIN | D17: 2076861520 | E17: OFFICE | F17: ພາຍໃນປະເທດ | G17: 26 | H17: 3500000 | I17: =SUMIF($B$7:$B$175,OT!B18,OT!$S$8:$S$160) -> 0 | J17: =SUMIF($B$7:$B$136,เงินกะ!B18,เงินกะ!$M$8:$M$100) -> 0 | R17: 1000000 | S17: 400000 | T17: =SUM(H17:S17) -> 4900000 | V17: =SUMIF($B$7:$B$136,'ขาด-ลา-มาสาย'!B18,'ขาด-ลา-มาสาย'!$K$8:$K$100) -> 0 | W17: =SUMIF($B$7:$B$136,'ขาด-ลา-มาสาย'!B18,'ขาด-ลา-มาสาย'!$N$8:$N$100) -> 0 | X17: =SUMIF($B$7:$B$136,'ขาด-ลา-มาสาย'!B18,'ขาด-ลา-มาสาย'!$Q$8:$Q$100) -> 0 | Y17: =SUMIF($B$7:$B$136,'ขาด-ลา-มาสาย'!B18,'ขาด-ลา-มาสาย'!$T$8:$T$100) -> 0 | Z17: =SUMIF($B$7:$B$136,'ขาด-ลา-มาสาย'!B18,'ขาด-ลา-มาสาย'!$W$8:$W$100) -> 0 | AA17: =SUM(U17:Z17) -> 0 | AB17: =T17-AA17 -> 4900000 | AC17: =AB17-200000 -> 4700000 | AD17: =AC17*5% -> 235000 | AE17: =AB17-AD17 -> 4665000 | AG17: =AE17-AF17 -> 4665000 | AI17: =AE17/680 -> 6860.2941 | AK17: 030-4-00-00-07097 | AL17: =H17 -> 3500000 | AM17: =AA17 -> 0 | AN17: =AL17-AM17 -> 3500000 | AO17: =SUM(I17:S17) -> 1400000 | AP17: =AE17 -> 4665000
A18: 12 | B18: MYL201908010 | C18: MR SAYSAMPHAN MANEEBOTH | D18: 2097545680 | E18: Logistic Staff | F18: ພາຍໃນປະເທດ | G18: 26 | H18: 5000000 | I18: =SUMIF($B$7:$B$175,OT!B19,OT!$S$8:$S$160) -> 0 | J18: =SUMIF($B$7:$B$136,เงินกะ!B19,เงินกะ!$M$8:$M$100) -> 0 | R18: 5000000 | S18: =400000/26*24.5 -> 376923.08 | T18: =SUM(H18:S18) -> 10376923 | U18: 88000 | V18: =SUMIF($B$7:$B$136,'ขาด-ลา-มาสาย'!B19,'ขาด-ลา-มาสาย'!$K$8:$K$100) -> 0 | W18: =SUMIF($B$7:$B$136,'ขาด-ลา-มาสาย'!B19,'ขาด-ลา-มาสาย'!$N$8:$N$100) -> 0 | X18: =SUMIF($B$7:$B$136,'ขาด-ลา-มาสาย'!B19,'ขาด-ลา-มาสาย'!$Q$8:$Q$100) -> 0 | Y18: =SUMIF($B$7:$B$136,'ขาด-ลา-มาสาย'!B19,'ขาด-ลา-มาสาย'!$T$8:$T$100) -> 0 | Z18: =SUMIF($B$7:$B$136,'ขาด-ลา-มาสาย'!B19,'ขาด-ลา-มาสาย'!$W$8:$W$100) -> 0 | AA18: =SUM(U18:Z18) -> 88000 | AB18: =T18-AA18 -> 10288923 | AC18: =AB18-200000 -> 10088923 | AD18: =AC18*5% -> 504446.15 | AE18: =AB18-AD18 -> 9784476.9 | AG18: =AE18-AF18 -> 9784476.9 | AH18: PD | AI18: =AE18/680 -> 14388.937 | AK18: 034-0-02-00-00023 | AL18: =H18 -> 5000000 | AM18: =AA18 -> 88000 | AN18: =AL18-AM18 -> 4912000 | AO18: =SUM(I18:S18) -> 5376923.1 | AP18: =AE18 -> 9784476.9
A19: 13 | B19: MYL202001036 | C19: MISS JINDA BANPHACHA | D19: 2092416077 | E19: Audit | F19: ພາຍໃນປະເທດ | G19: 26 | H19: =15500*680.67 -> 10550385 | I19: =SUMIF($B$7:$B$175,OT!B20,OT!$S$8:$S$160) -> 0 | J19: =SUMIF($B$7:$B$136,เงินกะ!B20,เงินกะ!$M$8:$M$100) -> 0 | T19: =SUM(H19:S19) -> 10550385 | V19: =SUMIF($B$7:$B$136,'ขาด-ลา-มาสาย'!B20,'ขาด-ลา-มาสาย'!$K$8:$K$100) -> 0 | W19: =SUMIF($B$7:$B$136,'ขาด-ลา-มาสาย'!B20,'ขาด-ลา-มาสาย'!$N$8:$N$100) -> 0 | X19: =SUMIF($B$7:$B$136,'ขาด-ลา-มาสาย'!B20,'ขาด-ลา-มาสาย'!$Q$8:$Q$100) -> 0 | Y19: =SUMIF($B$7:$B$136,'ขาด-ลา-มาสาย'!B20,'ขาด-ลา-มาสาย'!$T$8:$T$100) -> 0 | Z19: =SUMIF($B$7:$B$136,'ขาด-ลา-มาสาย'!B20,'ขาด-ลา-มาสาย'!$W$8:$W$100) -> 0 | AA19: =SUM(U19:Z19) -> 0 | AB19: =T19-AA19 -> 10550385 | AC19: =AB19-200000 -> 10350385 | AD19: =AC19*5% -> 517519.25 | AE19: =AB19-AD19 -> 10032866 | AG19: =AE19-AF19 -> 10032866 | AH19: OF | AI19: =AE19/680 -> 14754.214 | AK19: NO ACCOUNT | AL19: =H19 -> 10550385 | AM19: =AA19 -> 0 | AN19: =AL19-AM19 -> 10550385 | AO19: =SUM(I19:S19) -> 0 | AP19: =AE19 -> 10032866
A20: 14 | B20: MYL201908016 | C20: MR AMMALIN | D20: 2023332299 | E20: Production manager 02 | F20: ພາຍໃນປະເທດ | G20: 26 | H20: 5000000 | I20: =SUMIF($B$7:$B$175,OT!B21,OT!$S$8:$S$160) -> 0 | J20: =SUMIF($B$7:$B$136,เงินกะ!B21,เงินกะ!$M$8:$M$100) -> 0 | R20: 5000000 | S20: 346153.85 | T20: =SUM(H20:S20) -> 10346154 | U20: 88000 | V20: =SUMIF($B$7:$B$136,'ขาด-ลา-มาสาย'!B21,'ขาด-ลา-มาสาย'!$K$8:$K$100) -> 0 | W20: =SUMIF($B$7:$B$136,'ขาด-ลา-มาสาย'!B21,'ขาด-ลา-มาสาย'!$N$8:$N$100) -> 0 | X20: =SUMIF($B$7:$B$136,'ขาด-ลา-มาสาย'!B21,'ขาด-ลา-มาสาย'!$Q$8:$Q$100) -> 0 | Y20: =SUMIF($B$7:$B$136,'ขาด-ลา-มาสาย'!B21,'ขาด-ลา-มาสาย'!$T$8:$T$100) -> 0 | Z20: =SUMIF($B$7:$B$136,'ขาด-ลา-มาสาย'!B21,'ขาด-ลา-มาสาย'!$W$8:$W$100) -> 0 | AA20: =SUM(U20:Z20) -> 88000 | AB20: =T20-AA20 -> 10258154 | AC20: =AB20-200000 -> 10058154 | AD20: =AC20*5% -> 502907.69 | AE20: =AB20-AD20 -> 9755246.2 | AG20: =AE20-AF20 -> 9755246.2 | AH20: PD | AI20: =AE20/680 -> 14345.95 | AK20: 034-6-02-00-00010 | AL20: =H20 -> 5000000 | AM20: =AA20 -> 88000 | AN20: =AL20-AM20 -> 4912000 | AO20: =SUM(I20:S20) -> 5346153.8 | AP20: =AE20 -> 9755246.2
A21: 15 | B21: MYL202001049 | C21: MR BOUNPON | D21: 2078916853 | E21: Production manager 02 | F21: ພາຍໃນປະເທດ | G21: 26 | H21: 4000000 | I21: =SUMIF($B$7:$B$175,OT!B22,OT!$S$8:$S$160) -> 0 | J21: =SUMIF($B$7:$B$136,เงินกะ!B22,เงินกะ!$M$8:$M$100) -> 0 | R21: 4000000 | S21: =400000/26*25 -> 384615.38 | T21: =SUM(H21:S21) -> 8384615.4 | V21: =SUMIF($B$7:$B$136,'ขาด-ลา-มาสาย'!B22,'ขาด-ลา-มาสาย'!$K$8:$K$100) -> 0 | W21: =SUMIF($B$7:$B$136,'ขาด-ลา-มาสาย'!B22,'ขาด-ลา-มาสาย'!$N$8:$N$100) -> 0 | X21: =SUMIF($B$7:$B$136,'ขาด-ลา-มาสาย'!B22,'ขาด-ลา-มาสาย'!$Q$8:$Q$100) -> 0 | Y21: =SUMIF($B$7:$B$136,'ขาด-ลา-มาสาย'!B22,'ขาด-ลา-มาสาย'!$T$8:$T$100) -> 0 | Z21: =SUMIF($B$7:$B$136,'ขาด-ลา-มาสาย'!B22,'ขาด-ลา-มาสาย'!$W$8:$W$100) -> 0 | AA21: =SUM(U21:Z21) -> 0 | AB21: =T21-AA21 -> 8384615.4 | AC21: =AB21-200000 -> 8184615.4 | AD21: =AC21*5% -> 409230.77 | AE21: =AB21-AD21 -> 7975384.6 | AG21: =AE21-AF21 -> 7975384.6 | AH21: PD | AI21: =AE21/680 -> 11728.507 | AK21: 034-8-02-00-00072 | AL21: =H21 -> 4000000 | AM21: =AA21 -> 0 | AN21: =AL21-AM21 -> 4000000 | AO21: =SUM(I21:S21) -> 4384615.4 | AP21: =AE21 -> 7975384.6
A22: 16 | B22: MYL000009 | C22: MR SONE | E22: Security Staff | F22: ພາຍໃນປະເທດ | G22: 26 | H22: =15500*680.67 -> 10550385 | I22: =SUMIF($B$7:$B$175,OT!B23,OT!$S$8:$S$160) -> 0 | J22: =SUMIF($B$7:$B$136,เงินกะ!B23,เงินกะ!$M$8:$M$100) -> 0 | T22: =SUM(H22:S22) -> 10550385 | V22: =SUMIF($B$7:$B$136,'ขาด-ลา-มาสาย'!B23,'ขาด-ลา-มาสาย'!$K$8:$K$100) -> 0 | W22: =SUMIF($B$7:$B$136,'ขาด-ลา-มาสาย'!B23,'ขาด-ลา-มาสาย'!$N$8:$N$100) -> 0 | X22: =SUMIF($B$7:$B$136,'ขาด-ลา-มาสาย'!B23,'ขาด-ลา-มาสาย'!$Q$8:$Q$100) -> 0 | Y22: =SUMIF($B$7:$B$136,'ขาด-ลา-มาสาย'!B23,'ขาด-ลา-มาสาย'!$T$8:$T$100) -> 0 | Z22: =SUMIF($B$7:$B$136,'ขาด-ลา-มาสาย'!B23,'ขาด-ลา-มาสาย'!$W$8:$W$100) -> 0 | AA22: =SUM(U22:Z22) -> 0 | AB22: =T22-AA22 -> 10550385 | AC22: =AB22-200000 -> 10350385 | AD22: =AC22*5% -> 517519.25 | AE22: =AB22-AD22 -> 10032866 | AG22: =AE22-AF22 -> 10032866 | AH22: PD | AI22: =AE22/680 -> 14754.214 | AK22: NO ACCOUNT | AL22: =H22 -> 10550385 | AM22: =AA22 -> 0 | AN22: =AL22-AM22 -> 10550385 | AO22: =SUM(I22:S22) -> 0 | AP22: =AE22 -> 10032866
A23: 17 | B23: MYL202401027 | C23: MRS NIK CHANTHANET | D23: 2056339678 | E23: Maid Staff | F23: ພາຍໃນປະເທດ | G23: 26 | H23: 2702000 | I23: =SUMIF($B$7:$B$175,OT!B24,OT!$S$8:$S$160) -> 0 | J23: =SUMIF($B$7:$B$136,เงินกะ!B24,เงินกะ!$M$8:$M$100) -> 0 | N23: 350000 | O23: 150000 | P23: 300000 | R23: 250000 | S23: =400000/26*25.5 -> 392307.69 | T23: =SUM(H23:S23) -> 4144307.7 | V23: =SUMIF($B$7:$B$136,'ขาด-ลา-มาสาย'!B24,'ขาด-ลา-มาสาย'!$K$8:$K$100) -> 0 | W23: =SUMIF($B$7:$B$136,'ขาด-ลา-มาสาย'!B24,'ขาด-ลา-มาสาย'!$N$8:$N$100) -> 0 | X23: =SUMIF($B$7:$B$136,'ขาด-ลา-มาสาย'!B24,'ขาด-ลา-มาสาย'!$Q$8:$Q$100) -> 0 | Y23: =SUMIF($B$7:$B$136,'ขาด-ลา-มาสาย'!B24,'ขาด-ลา-มาสาย'!$T$8:$T$100) -> 0 | Z23: =SUMIF($B$7:$B$136,'ขาด-ลา-มาสาย'!B24,'ขาด-ลา-มาสาย'!$W$8:$W$100) -> 0 | AA23: =SUM(U23:Z23) -> 0 | AB23: =T23-AA23 -> 4144307.7 | AC23: =AB23-200000 -> 3944307.7 | AD23: =AC23*5% -> 197215.38 | AE23: =AB23-AD23 -> 3947092.3 | AG23: =AE23-AF23 -> 3947092.3 | AH23: OF | AI23: =AE23/680 -> 5804.5475 | AK23: 034-0-02-00-00108 | AL23: =H23 -> 2702000 | AM23: =AA23 -> 0 | AN23: =AL23-AM23 -> 2702000 | AO23: =SUM(I23:S23) -> 1442307.7 | AP23: =AE23 -> 3947092.3
A24: 18 | B24: MYL201908028 | C24: MR TERY KHAMKOUNA | D24: 02059103026 | E24: Engineering | F24: ພາຍໃນປະເທດ | G24: 26 | H24: 5000000 | I24: =SUMIF($B$7:$B$175,OT!B25,OT!$S$8:$S$160) -> 0 | J24: =SUMIF($B$7:$B$136,เงินกะ!B25,เงินกะ!$M$8:$M$100) -> 0 | R24: 3500000 | S24: =400000/26*24 -> 369230.77 | T24: =SUM(H24:S24) -> 8869230.8 | U24: 88000 | V24: =SUMIF($B$7:$B$136,'ขาด-ลา-มาสาย'!B25,'ขาด-ลา-มาสาย'!$K$8:$K$100) -> 90000 | W24: =SUMIF($B$7:$B$136,'ขาด-ลา-มาสาย'!B25,'ขาด-ลา-มาสาย'!$N$8:$N$100) -> 0 | X24: =SUMIF($B$7:$B$136,'ขาด-ลา-มาสาย'!B25,'ขาด-ลา-มาสาย'!$Q$8:$Q$100) -> 0 | Y24: =SUMIF($B$7:$B$136,'ขาด-ลา-มาสาย'!B25,'ขาด-ลา-มาสาย'!$T$8:$T$100) -> 192307.69 | Z24: =SUMIF($B$7:$B$136,'ขาด-ลา-มาสาย'!B25,'ขาด-ลา-มาสาย'!$W$8:$W$100) -> 0 | AA24: =SUM(U24:Z24) -> 370307.69 | AB24: =T24-AA24 -> 8498923.1 | AC24: =AB24-200000 -> 8298923.1 | AD24: =AC24*5% -> 414946.15 | AE24: =AB24-AD24 -> 8083976.9 | AG24: =AE24-AF24 -> 8083976.9 | AH24: PD | AI24: =AE24/680 -> 11888.201 | AK24: 034-1-02-00-00059 | AL24: =H24 -> 5000000 | AM24: =AA24 -> 370307.69 | AN24: =AL24-AM24 -> 4629692.3 | AO24: =SUM(I24:S24) -> 3869230.8 | AP24: =AE24 -> 8083976.9
A25: 19 | B25: MYL202507076 | C25: MR XAYSONGKHAM SOMSANITH | D25: 2056211706 | E25: Engineering | F25: ພາຍໃນປະເທດ | G25: 26 | H25: 4500000 | I25: =SUMIF($B$7:$B$175,OT!B26,OT!$S$8:$S$160) -> 0 | J25: =SUMIF($B$7:$B$136,เงินกะ!B26,เงินกะ!$M$8:$M$100) -> 0 | R25: 2500000 | S25: 400000 | T25: =SUM(H25:S25) -> 7400000 | V25: =SUMIF($B$7:$B$136,'ขาด-ลา-มาสาย'!B26,'ขาด-ลา-มาสาย'!$K$8:$K$100) -> 50000 | W25: =SUMIF($B$7:$B$136,'ขาด-ลา-มาสาย'!B26,'ขาด-ลา-มาสาย'!$N$8:$N$100) -> 0 | X25: =SUMIF($B$7:$B$136,'ขาด-ลา-มาสาย'!B26,'ขาด-ลา-มาสาย'!$Q$8:$Q$100) -> 0 | Y25: =SUMIF($B$7:$B$136,'ขาด-ลา-มาสาย'!B26,'ขาด-ลา-มาสาย'!$T$8:$T$100) -> 0 | Z25: =SUMIF($B$7:$B$136,'ขาด-ลา-มาสาย'!B26,'ขาด-ลา-มาสาย'!$W$8:$W$100) -> 0 | AA25: =SUM(U25:Z25) -> 50000 | AB25: =T25-AA25 -> 7350000 | AC25: =AB25-200000 -> 7150000 | AD25: =AC25*5% -> 357500 | AE25: =AB25-AD25 -> 6992500 | AG25: =AE25-AF25 -> 6992500 | AH25: OF | AI25: =AE25/680 -> 10283.088 | AK25: 034-9-02-00-00398 | AL25: =H25 -> 4500000 | AM25: =AA25 -> 50000 | AN25: =AL25-AM25 -> 4450000 | AO25: =SUM(I25:S25) -> 2900000 | AP25: =AE25 -> 6992500
A26: 20 | B26: MYL201908026 | C26: MR SONGKAN PHACHANSITTHI | D26: 2054612045 | E26: QC Manager 02 | F26: ພາຍໃນປະເທດ | G26: 26 | H26: 4000000 | I26: =SUMIF($B$7:$B$175,OT!B27,OT!$S$8:$S$160) -> 0 | J26: =SUMIF($B$7:$B$136,เงินกะ!B27,เงินกะ!$M$8:$M$100) -> 0 | R26: 4000000 | S26: =400000/26*23.5 -> 361538.46 | T26: =SUM(H26:S26) -> 8361538.5 | V26: =SUMIF($B$7:$B$136,'ขาด-ลา-มาสาย'!B27,'ขาด-ลา-มาสาย'!$K$8:$K$100) -> 0 | W26: =SUMIF($B$7:$B$136,'ขาด-ลา-มาสาย'!B27,'ขาด-ลา-มาสาย'!$N$8:$N$100) -> 0 | X26: =SUMIF($B$7:$B$136,'ขาด-ลา-มาสาย'!B27,'ขาด-ลา-มาสาย'!$Q$8:$Q$100) -> 0 | Y26: =SUMIF($B$7:$B$136,'ขาด-ลา-มาสาย'!B27,'ขาด-ลา-มาสาย'!$T$8:$T$100) -> 0 | Z26: =SUMIF($B$7:$B$136,'ขาด-ลา-มาสาย'!B27,'ขาด-ลา-มาสาย'!$W$8:$W$100) -> 0 | AA26: =SUM(U26:Z26) -> 0 | AB26: =T26-AA26 -> 8361538.5 | AC26: =AB26-200000 -> 8161538.5 | AD26: =AC26*5% -> 408076.92 | AE26: =AB26-AD26 -> 7953461.5 | AG26: =AE26-AF26 -> 7953461.5 | AH26: OF | AI26: =AE26/680 -> 11696.267 | AK26: 030-0-00-00-05978 | AL26: =H26 -> 4000000 | AM26: =AA26 -> 0 | AN26: =AL26-AM26 -> 4000000 | AO26: =SUM(I26:S26) -> 4361538.5 | AP26: =AE26 -> 7953461.5
A27: 21 | B27: MYL202504064 | C27: MISS NALIN SYHALATH | D27: 2098953256 | E27: QC PTS | F27: ພາຍໃນປະເທດ | G27: 26 | H27: 2600000 | I27: =SUMIF($B$7:$B$175,OT!B28,OT!$S$8:$S$160) -> 0 | J27: =SUMIF($B$7:$B$136,เงินกะ!B28,เงินกะ!$M$8:$M$100) -> 0 | O27: 150000 | P27: 150000 | Q27: 200000 | R27: 600000 | S27: =400000/26*18.5 -> 284615.38 | T27: =SUM(H27:S27) -> 3984615.4 | V27: =SUMIF($B$7:$B$136,'ขาด-ลา-มาสาย'!B28,'ขาด-ลา-มาสาย'!$K$8:$K$100) -> 0 | W27: =SUMIF($B$7:$B$136,'ขาด-ลา-มาสาย'!B28,'ขาด-ลา-มาสาย'!$N$8:$N$100) -> 20000 | X27: =SUMIF($B$7:$B$136,'ขาด-ลา-มาสาย'!B28,'ขาด-ลา-มาสาย'!$Q$8:$Q$100) -> 0 | Y27: =SUMIF($B$7:$B$136,'ขาด-ลา-มาสาย'!B28,'ขาด-ลา-มาสาย'!$T$8:$T$100) -> 200000 | Z27: =SUMIF($B$7:$B$136,'ขาด-ลา-มาสาย'!B28,'ขาด-ลา-มาสาย'!$W$8:$W$100) -> 0 | AA27: =SUM(U27:Z27) -> 220000 | AB27: =T27-AA27 -> 3764615.4 | AC27: =AB27-200000 -> 3564615.4 | AD27: =AC27*5% -> 178230.77 | AE27: =AB27-AD27 -> 3586384.6 | AG27: =AE27-AF27 -> 3586384.6 | AH27: PD | AI27: =AE27/680 -> 5274.095 | AK27: 030-3-02-00-12401 | AL27: =H27 -> 2600000 | AM27: =AA27 -> 220000 | AN27: =AL27-AM27 -> 2380000 | AO27: =SUM(I27:S27) -> 1384615.4 | AP27: =AE27 -> 3586384.6
A28: 22 | B28: MYL202606160 | C28: MISS LAMPHAI THUMMAVONGE | D28: 2091381527 | E28: QC SAS | F28: ພາຍໃນປະເທດ | G28: 26 | H28: 2500000 | I28: =SUMIF($B$7:$B$175,OT!B29,OT!$S$8:$S$160) -> 0 | J28: =SUMIF($B$7:$B$136,เงินกะ!B29,เงินกะ!$M$8:$M$100) -> 0 | K28: 0 | O28: =150000/26*10 -> 57692.308 | P28: =150000/26*10 -> 57692.308 | Q28: =200000/26*10 -> 76923.077 | R28: =600000/26*10 -> 230769.23 | S28: =400000/26*10 -> 153846.15 | T28: =SUM(H28:S28) -> 3076923.1 | V28: =SUMIF($B$7:$B$136,'ขาด-ลา-มาสาย'!B29,'ขาด-ลา-มาสาย'!$K$8:$K$100) -> 10000 | W28: =SUMIF($B$7:$B$136,'ขาด-ลา-มาสาย'!B29,'ขาด-ลา-มาสาย'!$N$8:$N$100) -> 0 | X28: =SUMIF($B$7:$B$136,'ขาด-ลา-มาสาย'!B29,'ขาด-ลา-มาสาย'!$Q$8:$Q$100) -> 0 | Y28: =SUMIF($B$7:$B$136,'ขาด-ลา-มาสาย'!B29,'ขาด-ลา-มาสาย'!$T$8:$T$100) -> 192307.69 | Z28: =SUMIF($B$7:$B$136,'ขาด-ลา-มาสาย'!B29,'ขาด-ลา-มาสาย'!$W$8:$W$100) -> 1346153.8 | AA28: =SUM(U28:Z28) -> 1548461.5 | AB28: =T28-AA28 -> 1528461.5 | AC28: =AB28-200000 -> 1328461.5 | AD28: =AC28*5% -> 66423.077 | AE28: =AB28-AD28 -> 1462038.5 | AG28: =AE28-AF28 -> 1462038.5
A29: 23 | B29: MYL202301037 | C29: MRS PHOULATSAMY SETTHATHILATH | D29: 2077074510 | E29: STORE PTS | F29: ພາຍໃນປະເທດ | G29: 26 | H29: 3300000 | I29: =SUMIF($B$7:$B$175,OT!B30,OT!$S$8:$S$160) -> 0 | J29: =SUMIF($B$7:$B$136,เงินกะ!B30,เงินกะ!$M$8:$M$100) -> 0 | L29: 200000 | O29: 150000 | P29: 150000 | R29: 1700000 | T29: =SUM(H29:S29) -> 5500000 | U29: 88000 | V29: =SUMIF($B$7:$B$136,'ขาด-ลา-มาสาย'!B30,'ขาด-ลา-มาสาย'!$K$8:$K$100) -> 0 | W29: =SUMIF($B$7:$B$136,'ขาด-ลา-มาสาย'!B30,'ขาด-ลา-มาสาย'!$N$8:$N$100) -> 0 | X29: =SUMIF($B$7:$B$136,'ขาด-ลา-มาสาย'!B30,'ขาด-ลา-มาสาย'!$Q$8:$Q$100) -> 0 | Y29: =SUMIF($B$7:$B$136,'ขาด-ลา-มาสาย'!B30,'ขาด-ลา-มาสาย'!$T$8:$T$100) -> 0 | Z29: =SUMIF($B$7:$B$136,'ขาด-ลา-มาสาย'!B30,'ขาด-ลา-มาสาย'!$W$8:$W$100) -> 0 | AA29: =SUM(U29:Z29) -> 88000 | AB29: =T29-AA29 -> 5412000 | AC29: =AB29-200000 -> 5212000 | AD29: =AC29*5% -> 260600 | AE29: =AB29-AD29 -> 5151400 | AG29: =AE29-AF29 -> 5151400 | AH29: PD | AI29: =AE29/680 -> 7575.5882 | AK29: 034-3-02-00-00226 | AL29: =H29 -> 3300000 | AM29: =AA29 -> 88000 | AN29: =AL29-AM29 -> 3212000 | AO29: =SUM(I29:S29) -> 2200000 | AP29: =AE29 -> 5151400
A30: 24 | B30: MYT202602133 | C30: MR BOUNTHAVY KOMKAIYASONE | D30: 2097221714 | E30: STORE PTS | F30: ພາຍໃນປະເທດ | G30: 26 | H30: 2600000 | I30: =SUMIF($B$7:$B$175,OT!B31,OT!$S$8:$S$160) -> 0 | J30: =SUMIF($B$7:$B$136,เงินกะ!B31,เงินกะ!$M$8:$M$100) -> 0 | K30: 300000 | O30: 150000 | P30: 150000 | Q30: 200000 | R30: 400000 | S30: =400000/26*24 -> 369230.77 | T30: =SUM(H30:S30) -> 4169230.8 | V30: =SUMIF($B$7:$B$136,'ขาด-ลา-มาสาย'!B31,'ขาด-ลา-มาสาย'!$K$8:$K$100) -> 0 | W30: =SUMIF($B$7:$B$136,'ขาด-ลา-มาสาย'!B31,'ขาด-ลา-มาสาย'!$N$8:$N$100) -> 0 | X30: =SUMIF($B$7:$B$136,'ขาด-ลา-มาสาย'!B31,'ขาด-ลา-มาสาย'!$Q$8:$Q$100) -> 0 | Y30: =SUMIF($B$7:$B$136,'ขาด-ลา-มาสาย'!B31,'ขาด-ลา-มาสาย'!$T$8:$T$100) -> 200000 | Z30: =SUMIF($B$7:$B$136,'ขาด-ลา-มาสาย'!B31,'ขาด-ลา-มาสาย'!$W$8:$W$100) -> 0 | AA30: =SUM(U30:Z30) -> 200000 | AB30: =T30-AA30 -> 3969230.8 | AC30: =AB30-200000 -> 3769230.8 | AD30: =AC30*5% -> 188461.54 | AE30: =AB30-AD30 -> 3780769.2 | AG30: =AE30-AF30 -> 3780769.2 | AH30: PD | AI30: =AE30/680 -> 5559.9548 | AK30: NO ACCOUNT | AL30: =H30 -> 2600000 | AM30: =AA30 -> 200000 | AN30: =AL30-AM30 -> 2400000 | AO30: =SUM(I30:S30) -> 1569230.8 | AP30: =AE30 -> 3780769.2
A31: 25 | B31: MYL202404006 | C31: MR SENGMANY PHATTHANA | D31: 2059597282 | E31: STORE OTS | F31: ພາຍໃນປະເທດ | G31: 26 | H31: 3300000 | I31: =SUMIF($B$7:$B$175,OT!B32,OT!$S$8:$S$160) -> 23798.077 | J31: =SUMIF($B$7:$B$136,เงินกะ!B32,เงินกะ!$M$8:$M$100) -> 36490.385 | L31: 200000 | O31: 150000 | Q31: 200000 | R31: 1700000 | S31: =200000/26*22 -> 169230.77 | T31: =SUM(H31:S31) -> 5779519.2 | V31: =SUMIF($B$7:$B$136,'ขาด-ลา-มาสาย'!B32,'ขาด-ลา-มาสาย'!$K$8:$K$100) -> 0 | W31: =SUMIF($B$7:$B$136,'ขาด-ลา-มาสาย'!B32,'ขาด-ลา-มาสาย'!$N$8:$N$100) -> 0 | X31: =SUMIF($B$7:$B$136,'ขาด-ลา-มาสาย'!B32,'ขาด-ลา-มาสาย'!$Q$8:$Q$100) -> 0 | Y31: =SUMIF($B$7:$B$136,'ขาด-ลา-มาสาย'!B32,'ขาด-ลา-มาสาย'!$T$8:$T$100) -> 507692.31 | Z31: =SUMIF($B$7:$B$136,'ขาด-ลา-มาสาย'!B32,'ขาด-ลา-มาสาย'!$W$8:$W$100) -> 0 | AA31: =SUM(U31:Z31) -> 507692.31 | AB31: =T31-AA31 -> 5271826.9 | AC31: =AB31-200000 -> 5071826.9 | AD31: =AC31*5% -> 253591.35 | AE31: =AB31-AD31 -> 5018235.6 | AG31: =AE31-AF31 -> 5018235.6 | AH31: PD | AI31: =AE31/680 -> 7379.7582 | AK31: 034-9-02-00-00376 | AL31: =H31 -> 3300000 | AM31: =AA31 -> 507692.31 | AN31: =AL31-AM31 -> 2792307.7 | AO31: =SUM(I31:S31) -> 2479519.2 | AP31: =AE31 -> 5018235.6
A32: 26 | B32: MYL202601128 | C32: MR KHAMPHASITH XAYYAJACK | D32: 2077412771 | E32: STORE OTS | F32: ພາຍໃນປະເທດ | G32: 26 | H32: 2600000 | I32: =SUMIF($B$7:$B$175,OT!B33,OT!$S$8:$S$160) -> 37500 | J32: =SUMIF($B$7:$B$136,เงินกะ!B33,เงินกะ!$M$8:$M$100) -> 0 | K32: =300000/26*12 -> 138461.54 | L32: 0 | N32: 0 | O32: =150000/26*12 -> 69230.769 | P32: =150000/26*12 -> 69230.769 | Q32: =200000/26*12 -> 92307.692 | R32: =400000/26*12 -> 184615.38 | S32: =400000/26*12 -> 184615.38 | T32: =SUM(H32:S32) -> 3375961.5 | V32: =SUMIF($B$7:$B$136,'ขาด-ลา-มาสาย'!B33,'ขาด-ลา-มาสาย'!$K$8:$K$100) -> 0 | W32: =SUMIF($B$7:$B$136,'ขาด-ลา-มาสาย'!B33,'ขาด-ลา-มาสาย'!$N$8:$N$100) -> 0 | X32: =SUMIF($B$7:$B$136,'ขาด-ลา-มาสาย'!B33,'ขาด-ลา-มาสาย'!$Q$8:$Q$100) -> 0 | Y32: =SUMIF($B$7:$B$136,'ขาด-ลา-มาสาย'!B33,'ขาด-ลา-มาสาย'!$T$8:$T$100) -> 0 | Z32: =SUMIF($B$7:$B$136,'ขาด-ลา-มาสาย'!B33,'ขาด-ลา-มาสาย'!$W$8:$W$100) -> 1200000 | AA32: =SUM(U32:Z32) -> 1200000 | AB32: =T32-AA32 -> 2175961.5 | AC32: =AB32-200000 -> 1975961.5 | AD32: =AC32*5% -> 98798.077 | AE32: =AB32-AD32 -> 2077163.5 | AG32: =AE32-AF32 -> 2077163.5 | AH32: PD | AI32: =AE32/680 -> 3054.6521 | AK32: NO ACCOUNT | AL32: =H32 -> 2600000 | AM32: =AA32 -> 1200000 | AN32: =AL32-AM32 -> 1400000 | AO32: =SUM(I32:S32) -> 775961.54 | AP32: =AE32 -> 2077163.5
A33: 27 | B33: MYL202606162 | C33: MISS KHONESAVANH CHANTHALAY | D33: 2096532048 | E33: STORE OTS | F33: ພາຍໃນປະເທດ | G33: 26 | H33: 2500000 | I33: =SUMIF($B$7:$B$175,OT!B34,OT!$S$8:$S$160) -> 0 | J33: =SUMIF($B$7:$B$136,เงินกะ!B34,เงินกะ!$M$8:$M$100) -> 0 | K33: =300000/26*12 -> 138461.54 | L33: =200000/26*12 -> 92307.692 | N33: =250000/26*12 -> 115384.62 | O33: =150000/26*12 -> 69230.769 | P33: =150000/26*12 -> 69230.769 | Q33: =200000/26*12 -> 92307.692 | R33: =300000/26*12 -> 138461.54 | S33: =400000/26*12 -> 184615.38 | T33: =SUM(H33:S33) -> 3400000 | V33: =SUMIF($B$7:$B$136,'ขาด-ลา-มาสาย'!B34,'ขาด-ลา-มาสาย'!$K$8:$K$100) -> 0 | W33: =SUMIF($B$7:$B$136,'ขาด-ลา-มาสาย'!B34,'ขาด-ลา-มาสาย'!$N$8:$N$100) -> 0 | X33: =SUMIF($B$7:$B$136,'ขาด-ลา-มาสาย'!B34,'ขาด-ลา-มาสาย'!$Q$8:$Q$100) -> 0 | Y33: =SUMIF($B$7:$B$136,'ขาด-ลา-มาสาย'!B34,'ขาด-ลา-มาสาย'!$T$8:$T$100) -> 0 | Z33: =SUMIF($B$7:$B$136,'ขาด-ลา-มาสาย'!B34,'ขาด-ลา-มาสาย'!$W$8:$W$100) -> 1346153.8 | AA33: =SUM(U33:Z33) -> 1346153.8 | AB33: =T33-AA33 -> 2053846.2 | AC33: =AB33-200000 -> 1853846.2 | AD33: =AC33*5% -> 92692.308 | AE33: =AB33-AD33 -> 1961153.8 | AG33: =AE33-AF33 -> 1961153.8
A34: 28 | B34: MYL202001035 | C34: MRS TOUKTA PONGSIMMALY | D34: 2057706864 | E34: STORE SAS | F34: ພາຍໃນປະເທດ | G34: 26 | H34: 3300000 | I34: =SUMIF($B$7:$B$175,OT!B35,OT!$S$8:$S$160) -> 23798.077 | J34: =SUMIF($B$7:$B$136,เงินกะ!B35,เงินกะ!$M$8:$M$100) -> 0 | L34: 200000 | N34: 250000 | O34: 150000 | P34: 150000 | Q34: 200000 | R34: 1700000 | S34: 400000 | T34: =SUM(H34:S34) -> 6373798.1 | U34: 88000 | V34: =SUMIF($B$7:$B$136,'ขาด-ลา-มาสาย'!B35,'ขาด-ลา-มาสาย'!$K$8:$K$100) -> 0 | W34: =SUMIF($B$7:$B$136,'ขาด-ลา-มาสาย'!B35,'ขาด-ลา-มาสาย'!$N$8:$N$100) -> 0 | X34: =SUMIF($B$7:$B$136,'ขาด-ลา-มาสาย'!B35,'ขาด-ลา-มาสาย'!$Q$8:$Q$100) -> 0 | Y34: =SUMIF($B$7:$B$136,'ขาด-ลา-มาสาย'!B35,'ขาด-ลา-มาสาย'!$T$8:$T$100) -> 0 | Z34: =SUMIF($B$7:$B$136,'ขาด-ลา-มาสาย'!B35,'ขาด-ลา-มาสาย'!$W$8:$W$100) -> 0 | AA34: =SUM(U34:Z34) -> 88000 | AB34: =T34-AA34 -> 6285798.1 | AC34: =AB34-200000 -> 6085798.1 | AD34: =AC34*5% -> 304289.9 | AE34: =AB34-AD34 -> 5981508.2 | AG34: =AE34-AF34 -> 5981508.2 | AH34: PD | AI34: =AE34/680 -> 8796.3355 | AK34: 034-7-02-00-00121 | AL34: =H34 -> 3300000 | AM34: =AA34 -> 88000 | AN34: =AL34-AM34 -> 3212000 | AO34: =SUM(I34:S34) -> 3073798.1 | AP34: =AE34 -> 5981508.2
A35: 29 | B35: MYL202605151 | C35: MR SOULIYA | D35: 2099427578 | E35: STORE SAS | F35: ພາຍໃນປະເທດ | G35: 26 | H35: 2600000 | I35: =SUMIF($B$7:$B$175,OT!B36,OT!$S$8:$S$160) -> 0 | J35: =SUMIF($B$7:$B$136,เงินกะ!B36,เงินกะ!$M$8:$M$100) -> 0 | K35: =300000/26*11 -> 126923.08 | O35: 0 | P35: =150000/26*11 -> 63461.538 | R35: =300000/26*11 -> 126923.08 | S35: =400000/26*11 -> 169230.77 | T35: =SUM(H35:S35) -> 3086538.5 | V35: =SUMIF($B$7:$B$136,'ขาด-ลา-มาสาย'!B36,'ขาด-ลา-มาสาย'!$K$8:$K$100) -> 50000 | W35: =SUMIF($B$7:$B$136,'ขาด-ลา-มาสาย'!B36,'ขาด-ลา-มาสาย'!$N$8:$N$100) -> 0 | X35: =SUMIF($B$7:$B$136,'ขาด-ลา-มาสาย'!B36,'ขาด-ลา-มาสาย'!$Q$8:$Q$100) -> 0 | Y35: =SUMIF($B$7:$B$136,'ขาด-ลา-มาสาย'!B36,'ขาด-ลา-มาสาย'!$T$8:$T$100) -> 200000 | Z35: =SUMIF($B$7:$B$136,'ขาด-ลา-มาสาย'!B36,'ขาด-ลา-มาสาย'!$W$8:$W$100) -> 1700000 | AA35: =SUM(U35:Z35) -> 1950000 | AB35: =T35-AA35 -> 1136538.5 | AC35: =AB35-200000 -> 936538.46 | AD35: =AC35*5% -> 46826.923 | AE35: =AB35-AD35 -> 1089711.5 | AG35: =AE35-AF35 -> 1089711.5 | AH35: PD | AI35: =AE35/680 -> 1602.517 | AK35: NO ACCOUNT | AL35: =H35 -> 2600000 | AM35: =AA35 -> 1950000 | AN35: =AL35-AM35 -> 650000 | AO35: =SUM(I35:S35) -> 486538.46 | AP35: =AE35 -> 1089711.5
A36: 30 | B36: MYL202201050 | C36: MR TOUTONNAM KHOUNSAVANH | D36: 2093949318 | E36: Welding PTS | F36: ພາຍໃນປະເທດ | G36: 26 | H36: 3300000 | I36: =SUMIF($B$7:$B$175,OT!B37,OT!$S$8:$S$160) -> 0 | J36: =SUMIF($B$7:$B$136,เงินกะ!B37,เงินกะ!$M$8:$M$100) -> 0 | K36: =H36*15% -> 495000 | L36: 200000 | O36: 150000 | P36: 150000 | Q36: 200000 | R36: 1700000 | S36: 400000 | T36: =SUM(H36:S36) -> 6595000 | V36: =SUMIF($B$7:$B$136,'ขาด-ลา-มาสาย'!B37,'ขาด-ลา-มาสาย'!$K$8:$K$100) -> 10000 | W36: =SUMIF($B$7:$B$136,'ขาด-ลา-มาสาย'!B37,'ขาด-ลา-มาสาย'!$N$8:$N$100) -> 0 | X36: =SUMIF($B$7:$B$136,'ขาด-ลา-มาสาย'!B37,'ขาด-ลา-มาสาย'!$Q$8:$Q$100) -> 0 | Y36: =SUMIF($B$7:$B$136,'ขาด-ลา-มาสาย'!B37,'ขาด-ลา-มาสาย'!$T$8:$T$100) -> 0 | Z36: =SUMIF($B$7:$B$136,'ขาด-ลา-มาสาย'!B37,'ขาด-ลา-มาสาย'!$W$8:$W$100) -> 0 | AA36: =SUM(U36:Z36) -> 10000 | AB36: =T36-AA36 -> 6585000 | AC36: =AB36-200000 -> 6385000 | AD36: =AC36*5% -> 319250 | AE36: =AB36-AD36 -> 6265750 | AG36: =AE36-AF36 -> 6265750 | AH36: PD | AI36: =AE36/680 -> 9214.3382 | AK36: 034-2-02-00-00212 | AL36: =H36 -> 3300000 | AM36: =AA36 -> 10000 | AN36: =AL36-AM36 -> 3290000 | AO36: =SUM(I36:S36) -> 3295000 | AP36: =AE36 -> 6265750
A37: 31 | B37: MYL202502061 | C37: MR KHONESAVANH SYTHAVONG | D37: 2096870409 | E37: Welding PTS | F37: ພາຍໃນປະເທດ | G37: 26 | H37: 2600000 | I37: =SUMIF($B$7:$B$175,OT!B38,OT!$S$8:$S$160) -> 0 | J37: =SUMIF($B$7:$B$136,เงินกะ!B38,เงินกะ!$M$8:$M$100) -> 0 | K37: =H37*15%/26*17.5 -> 262500 | O37: =150000/26*17.5 -> 100961.54 | P37: =150000/26*17.5 -> 100961.54 | Q37: =200000/26*17.5 -> 134615.38 | R37: =1000000/26*17.5 -> 673076.92 | S37: =400000/26*17.5 -> 269230.77 | T37: =SUM(H37:S37) -> 4141346.2 | V37: =SUMIF($B$7:$B$136,'ขาด-ลา-มาสาย'!B38,'ขาด-ลา-มาสาย'!$K$8:$K$100) -> 0 | W37: =SUMIF($B$7:$B$136,'ขาด-ลา-มาสาย'!B38,'ขาด-ลา-มาสาย'!$N$8:$N$100) -> 0 | X37: =SUMIF($B$7:$B$136,'ขาด-ลา-มาสาย'!B38,'ขาด-ลา-มาสาย'!$Q$8:$Q$100) -> 50000 | Y37: =SUMIF($B$7:$B$136,'ขาด-ลา-มาสาย'!B38,'ขาด-ลา-มาสาย'!$T$8:$T$100) -> 450000 | Z37: =SUMIF($B$7:$B$136,'ขาด-ลา-มาสาย'!B38,'ขาด-ลา-มาสาย'!$W$8:$W$100) -> 400000 | AA37: =SUM(U37:Z37) -> 900000 | AB37: =T37-AA37 -> 3241346.2 | AC37: =AB37-200000 -> 3041346.2 | AD37: =AC37*5% -> 152067.31 | AE37: =AB37-AD37 -> 3089278.8 | AG37: =AE37-AF37 -> 3089278.8 | AI37: 0 | AK37: 030-6-02-00-12411 | AL37: =H37 -> 2600000 | AM37: =AA37 -> 900000 | AN37: =AL37-AM37 -> 1700000 | AO37: =SUM(I37:S37) -> 1541346.2 | AP37: =AE37 -> 3089278.8
A38: 32 | B38: MYL202504072 | C38: MR BACKHAM XAISONGKHAM | D38: 2093768539 | E38: Welding PTS | F38: ພາຍໃນປະເທດ | G38: 26 | H38: 2600000 | I38: =SUMIF($B$7:$B$175,OT!B39,OT!$S$8:$S$160) -> 0 | J38: =SUMIF($B$7:$B$136,เงินกะ!B39,เงินกะ!$M$8:$M$100) -> 0 | K38: =H38*15% -> 390000 | L38: 200000 | N38: 250000 | O38: 150000 | P38: 150000 | Q38: 200000 | R38: 1000000 | S38: =400000/26*24 -> 369230.77 | T38: =SUM(H38:S38) -> 5309230.8 | V38: =SUMIF($B$7:$B$136,'ขาด-ลา-มาสาย'!B39,'ขาด-ลา-มาสาย'!$K$8:$K$100) -> 0 | W38: =SUMIF($B$7:$B$136,'ขาด-ลา-มาสาย'!B39,'ขาด-ลา-มาสาย'!$N$8:$N$100) -> 0 | X38: =SUMIF($B$7:$B$136,'ขาด-ลา-มาสาย'!B39,'ขาด-ลา-มาสาย'!$Q$8:$Q$100) -> 0 | Y38: =SUMIF($B$7:$B$136,'ขาด-ลา-มาสาย'!B39,'ขาด-ลา-มาสาย'!$T$8:$T$100) -> 0 | Z38: =SUMIF($B$7:$B$136,'ขาด-ลา-มาสาย'!B39,'ขาด-ลา-มาสาย'!$W$8:$W$100) -> 0 | AA38: =SUM(U38:Z38) -> 0 | AB38: =T38-AA38 -> 5309230.8 | AC38: =AB38-200000 -> 5109230.8 | AD38: =AC38*5% -> 255461.54 | AE38: =AB38-AD38 -> 5053769.2 | AG38: =AE38-AF38 -> 5053769.2 | AH38: PD | AI38: =AE38/680 -> 7432.0136 | AK38: NO ACCOUNT | AL38: =H38 -> 2600000 | AM38: =AA38 -> 0 | AN38: =AL38-AM38 -> 2600000 | AO38: =SUM(I38:S38) -> 2709230.8 | AP38: =AE38 -> 5053769.2
A39: 33 | B39: MYL202509108 | C39: MR SEEVA PONGSIMMALY | D39: 2056238018 | E39: Welding PTS | F39: ພາຍໃນປະເທດ | G39: 26 | H39: 2600000 | I39: =SUMIF($B$7:$B$175,OT!B40,OT!$S$8:$S$160) -> 0 | J39: =SUMIF($B$7:$B$136,เงินกะ!B40,เงินกะ!$M$8:$M$100) -> 0 | K39: =H39*15% -> 390000 | L39: 200000 | N39: 250000 | O39: 150000 | P39: 150000 | Q39: 200000 | R39: 1000000 | S39: 400000 | T39: =SUM(H39:S39) -> 5340000 | V39: =SUMIF($B$7:$B$136,'ขาด-ลา-มาสาย'!B40,'ขาด-ลา-มาสาย'!$K$8:$K$100) -> 0 | W39: =SUMIF($B$7:$B$136,'ขาด-ลา-มาสาย'!B40,'ขาด-ลา-มาสาย'!$N$8:$N$100) -> 0 | X39: =SUMIF($B$7:$B$136,'ขาด-ลา-มาสาย'!B40,'ขาด-ลา-มาสาย'!$Q$8:$Q$100) -> 0 | Y39: =SUMIF($B$7:$B$136,'ขาด-ลา-มาสาย'!B40,'ขาด-ลา-มาสาย'!$T$8:$T$100) -> 0 | Z39: =SUMIF($B$7:$B$136,'ขาด-ลา-มาสาย'!B40,'ขาด-ลา-มาสาย'!$W$8:$W$100) -> 0 | AA39: =SUM(U39:Z39) -> 0 | AB39: =T39-AA39 -> 5340000 | AC39: =AB39-200000 -> 5140000 | AD39: =AC39*5% -> 257000 | AE39: =AB39-AD39 -> 5083000 | AG39: =AE39-AF39 -> 5083000 | AH39: PD | AI39: =AE39/680 -> 7475 | AK39: NO ACCOUNT | AL39: =H39 -> 2600000 | AM39: =AA39 -> 0 | AN39: =AL39-AM39 -> 2600000 | AO39: =SUM(I39:S39) -> 2740000 | AP39: =AE39 -> 5083000
A40: 34 | B40: MYL202509109 | C40: MR YOD CHAMPA | D40: 2091295633 | E40: Welding PTS | F40: ພາຍໃນປະເທດ | G40: 26 | H40: 2600000 | I40: =SUMIF($B$7:$B$175,OT!B41,OT!$S$8:$S$160) -> 0 | J40: =SUMIF($B$7:$B$136,เงินกะ!B41,เงินกะ!$M$8:$M$100) -> 0 | K40: =H40*15%/26*24.5 -> 367500 | L40: 200000 | O40: 150000 | P40: 150000 | Q40: 200000 | R40: 1000000 | S40: =400000/26*23.5 -> 361538.46 | T40: =SUM(H40:S40) -> 5029038.5 | V40: =SUMIF($B$7:$B$136,'ขาด-ลา-มาสาย'!B41,'ขาด-ลา-มาสาย'!$K$8:$K$100) -> 10000 | W40: =SUMIF($B$7:$B$136,'ขาด-ลา-มาสาย'!B41,'ขาด-ลา-มาสาย'!$N$8:$N$100) -> 0 | X40: =SUMIF($B$7:$B$136,'ขาด-ลา-มาสาย'!B41,'ขาด-ลา-มาสาย'!$Q$8:$Q$100) -> 0 | Y40: =SUMIF($B$7:$B$136,'ขาด-ลา-มาสาย'!B41,'ขาด-ลา-มาสาย'!$T$8:$T$100) -> 150000 | Z40: =SUMIF($B$7:$B$136,'ขาด-ลา-มาสาย'!B41,'ขาด-ลา-มาสาย'!$W$8:$W$100) -> 0 | AA40: =SUM(U40:Z40) -> 160000 | AB40: =T40-AA40 -> 4869038.5 | AC40: =AB40-200000 -> 4669038.5 | AD40: =AC40*5% -> 233451.92 | AE40: =AB40-AD40 -> 4635586.5 | AG40: =AE40-AF40 -> 4635586.5 | AH40: PD | AI40: =AE40/680 -> 6817.039 | AK40: NO ACCOUNT | AL40: =H40 -> 2600000 | AM40: =AA40 -> 160000 | AN40: =AL40-AM40 -> 2440000 | AO40: =SUM(I40:S40) -> 2429038.5 | AP40: =AE40 -> 4635586.5
A41: 35 | B41: MYT202604143 | C41: MR BOUNSAVATH PHETKHAMBOONHUEANG | D41: 2099099712 | E41: Welding PTS | F41: ພາຍໃນປະເທດ | G41: 26 | H41: 2500000 | I41: =SUMIF($B$7:$B$175,OT!B42,OT!$S$8:$S$160) -> 0 | J41: =SUMIF($B$7:$B$136,เงินกะ!B42,เงินกะ!$M$8:$M$100) -> 0 | K41: =H41*15%/26*24 -> 346153.85 | L41: 200000 | O41: 150000 | P41: 150000 | Q41: 200000 | R41: 350000 | S41: =400000/26*25 -> 384615.38 | T41: =SUM(H41:S41) -> 4280769.2 | V41: =SUMIF($B$7:$B$136,'ขาด-ลา-มาสาย'!B42,'ขาด-ลา-มาสาย'!$K$8:$K$100) -> 0 | W41: =SUMIF($B$7:$B$136,'ขาด-ลา-มาสาย'!B42,'ขาด-ลา-มาสาย'!$N$8:$N$100) -> 0 | X41: =SUMIF($B$7:$B$136,'ขาด-ลา-มาสาย'!B42,'ขาด-ลา-มาสาย'!$Q$8:$Q$100) -> 0 | Y41: =SUMIF($B$7:$B$136,'ขาด-ลา-มาสาย'!B42,'ขาด-ลา-มาสาย'!$T$8:$T$100) -> 96153.846 | Z41: =SUMIF($B$7:$B$136,'ขาด-ลา-มาสาย'!B42,'ขาด-ลา-มาสาย'!$W$8:$W$100) -> 0 | AA41: =SUM(U41:Z41) -> 96153.846 | AB41: =T41-AA41 -> 4184615.4 | AC41: =AB41-200000 -> 3984615.4 | AD41: =AC41*5% -> 199230.77 | AE41: =AB41-AD41 -> 3985384.6 | AG41: =AE41-AF41 -> 3985384.6 | AH41: PD | AI41: =AE41/680 -> 5860.8597 | AK41: NO ACCOUNT | AL41: =H41 -> 2500000 | AM41: =AA41 -> 96153.846 | AN41: =AL41-AM41 -> 2403846.2 | AO41: =SUM(I41:S41) -> 1780769.2 | AP41: =AE41 -> 3985384.6
A42: 36 | B42: MYL202405041 | C42: MR BOUNXUEN SISOMBOUN | D42: 2057922285 | E42: Welding OTS 1 | F42: ພາຍໃນປະເທດ | G42: 26 | H42: 2702000 | I42: =SUMIF($B$7:$B$175,OT!B43,OT!$S$8:$S$160) -> 0 | J42: =SUMIF($B$7:$B$136,เงินกะ!B43,เงินกะ!$M$8:$M$100) -> 149389.42 | K42: =H42*15% -> 405300 | L42: 200000 | N42: 250000 | O42: 150000 | P42: 150000 | Q42: 200000 | R42: 1000000 | S42: 400000 | T42: =SUM(H42:S42) -> 5606689.4 | V42: =SUMIF($B$7:$B$136,'ขาด-ลา-มาสาย'!B43,'ขาด-ลา-มาสาย'!$K$8:$K$100) -> 0 | W42: =SUMIF($B$7:$B$136,'ขาด-ลา-มาสาย'!B43,'ขาด-ลา-มาสาย'!$N$8:$N$100) -> 0 | X42: =SUMIF($B$7:$B$136,'ขาด-ลา-มาสาย'!B43,'ขาด-ลา-มาสาย'!$Q$8:$Q$100) -> 0 | Y42: =SUMIF($B$7:$B$136,'ขาด-ลา-มาสาย'!B43,'ขาด-ลา-มาสาย'!$T$8:$T$100) -> 0 | Z42: =SUMIF($B$7:$B$136,'ขาด-ลา-มาสาย'!B43,'ขาด-ลา-มาสาย'!$W$8:$W$100) -> 0 | AA42: =SUM(U42:Z42) -> 0 | AB42: =T42-AA42 -> 5606689.4 | AC42: =AB42-200000 -> 5406689.4 | AD42: =AC42*5% -> 270334.47 | AE42: =AB42-AD42 -> 5336355 | AG42: =AE42-AF42 -> 5336355 | AH42: PD | AI42: =AE42/680 -> 7847.5808 | AK42: 034-1-02-00-00349 | AL42: =H42 -> 2702000 | AM42: =AA42 -> 0 | AN42: =AL42-AM42 -> 2702000 | AO42: =SUM(I42:S42) -> 2904689.4 | AP42: =AE42 -> 5336355
A43: 37 | B43: MYL202503042 | C43: MR PHOLIYA | D43: 2091948440 | E43: Welding OTS 1 | F43: ພາຍໃນປະເທດ | G43: 26 | H43: 2600000 | I43: =SUMIF($B$7:$B$175,OT!B44,OT!$S$8:$S$160) -> 0 | J43: =SUMIF($B$7:$B$136,เงินกะ!B44,เงินกะ!$M$8:$M$100) -> 122187.5 | K43: =H43*15%/26*22 -> 330000 | L43: 0 | O43: 150000 | P43: 150000 | Q43: 200000 | R43: 1000000 | S43: =400000/26*22.5 -> 346153.85 | T43: =SUM(H43:S43) -> 4898341.3 | V43: =SUMIF($B$7:$B$136,'ขาด-ลา-มาสาย'!B44,'ขาด-ลา-มาสาย'!$K$8:$K$100) -> 60000 | W43: =SUMIF($B$7:$B$136,'ขาด-ลา-มาสาย'!B44,'ขาด-ลา-มาสาย'!$N$8:$N$100) -> 0 | X43: =SUMIF($B$7:$B$136,'ขาด-ลา-มาสาย'!B44,'ขาด-ลา-มาสาย'!$Q$8:$Q$100) -> 0 | Y43: =SUMIF($B$7:$B$136,'ขาด-ลา-มาสาย'!B44,'ขาด-ลา-มาสาย'!$T$8:$T$100) -> 400000 | Z43: =SUMIF($B$7:$B$136,'ขาด-ลา-มาสาย'!B44,'ขาด-ลา-มาสาย'!$W$8:$W$100) -> 0 | AA43: =SUM(U43:Z43) -> 460000 | AB43: =T43-AA43 -> 4438341.3 | AC43: =AB43-200000 -> 4238341.3 | AD43: =AC43*5% -> 211917.07 | AE43: =AB43-AD43 -> 4226424.3 | AG43: =AE43-AF43 -> 4226424.3 | AH43: PD | AI43: =AE43/680 -> 6215.3298 | AK43: NO ACCOUNT | AL43: =H43 -> 2600000 | AM43: =AA43 -> 460000 | AN43: =AL43-AM43 -> 2140000 | AO43: =SUM(I43:S43) -> 2298341.3 | AP43: =AE43 -> 4226424.3
A44: 38 | B44: MYL202502048 | C44: MR XAYSANA CHANTHAVILAY | D44: 2097690329 | E44: Welding OTS 1 | F44: ພາຍໃນປະເທດ | G44: 26 | H44: 2600000 | I44: =SUMIF($B$7:$B$175,OT!B45,OT!$S$8:$S$160) -> 0 | J44: =SUMIF($B$7:$B$136,เงินกะ!B45,เงินกะ!$M$8:$M$100) -> 115000 | K44: =H44*15%/26*23 -> 345000 | O44: 150000 | P44: 150000 | Q44: 200000 | R44: 1000000 | S44: =400000/26*23 -> 353846.15 | T44: =SUM(H44:S44) -> 4913846.2 | V44: =SUMIF($B$7:$B$136,'ขาด-ลา-มาสาย'!B45,'ขาด-ลา-มาสาย'!$K$8:$K$100) -> 10000 | W44: =SUMIF($B$7:$B$136,'ขาด-ลา-มาสาย'!B45,'ขาด-ลา-มาสาย'!$N$8:$N$100) -> 0 | X44: =SUMIF($B$7:$B$136,'ขาด-ลา-มาสาย'!B45,'ขาด-ลา-มาสาย'!$Q$8:$Q$100) -> 0 | Y44: =SUMIF($B$7:$B$136,'ขาด-ลา-มาสาย'!B45,'ขาด-ลา-มาสาย'!$T$8:$T$100) -> 300000 | Z44: =SUMIF($B$7:$B$136,'ขาด-ลา-มาสาย'!B45,'ขาด-ลา-มาสาย'!$W$8:$W$100) -> 0 | AA44: =SUM(U44:Z44) -> 310000 | AB44: =T44-AA44 -> 4603846.2 | AC44: =AB44-200000 -> 4403846.2 | AD44: =AC44*5% -> 220192.31 | AE44: =AB44-AD44 -> 4383653.8 | AG44: =AE44-AF44 -> 4383653.8 | AH44: PD | AI44: =AE44/680 -> 6446.5498 | AK44: 030-9-02-00-12410 | AL44: =H44 -> 2600000 | AM44: =AA44 -> 310000 | AN44: =AL44-AM44 -> 2290000 | AO44: =SUM(I44:S44) -> 2313846.2 | AP44: =AE44 -> 4383653.8
A45: 39 | B45: MYL202601088 | C45: MR SAYYAPHONE CHAMPA | D45: 2076162127 | E45: Welding OTS 1 | F45: ພາຍໃນປະເທດ | G45: 26 | H45: 2600000 | I45: =SUMIF($B$7:$B$175,OT!B46,OT!$S$8:$S$160) -> 0 | J45: =SUMIF($B$7:$B$136,เงินกะ!B46,เงินกะ!$M$8:$M$100) -> 129375 | K45: =H45*15%/26*23 -> 345000 | L45: 200000 | O45: 150000 | P45: 150000 | Q45: 200000 | R45: 1000000 | S45: =400000/26*23 -> 353846.15 | T45: =SUM(H45:S45) -> 5128221.2 | V45: =SUMIF($B$7:$B$136,'ขาด-ลา-มาสาย'!B46,'ขาด-ลา-มาสาย'!$K$8:$K$100) -> 0 | W45: =SUMIF($B$7:$B$136,'ขาด-ลา-มาสาย'!B46,'ขาด-ลา-มาสาย'!$N$8:$N$100) -> 0 | X45: =SUMIF($B$7:$B$136,'ขาด-ลา-มาสาย'!B46,'ขาด-ลา-มาสาย'!$Q$8:$Q$100) -> 0 | Y45: =SUMIF($B$7:$B$136,'ขาด-ลา-มาสาย'!B46,'ขาด-ลา-มาสาย'!$T$8:$T$100) -> 300000 | Z45: =SUMIF($B$7:$B$136,'ขาด-ลา-มาสาย'!B46,'ขาด-ลา-มาสาย'!$W$8:$W$100) -> 0 | AA45: =SUM(U45:Z45) -> 300000 | AB45: =T45-AA45 -> 4828221.2 | AC45: =AB45-200000 -> 4628221.2 | AD45: =AC45*5% -> 231411.06 | AE45: =AB45-AD45 -> 4596810.1 | AG45: =AE45-AF45 -> 4596810.1 | AH45: PD | AI45: =AE45/680 -> 6760.0148 | AK45: NO ACCOUNT | AL45: =H45 -> 2600000 | AM45: =AA45 -> 300000 | AN45: =AL45-AM45 -> 2300000 | AO45: =SUM(I45:S45) -> 2528221.2 | AP45: =AE45 -> 4596810.1
A46: 40 | B46: MYL202505089 | C46: MR VONGDEUAN PHIMMASOME | D46: 2059784851 | E46: Welding OTS 1 | F46: ພາຍໃນປະເທດ | G46: 26 | H46: 2600000 | I46: =SUMIF($B$7:$B$175,OT!B47,OT!$S$8:$S$160) -> 0 | J46: =SUMIF($B$7:$B$136,เงินกะ!B47,เงินกะ!$M$8:$M$100) -> 143750 | K46: =H46*15% -> 390000 | L46: 200000 | N46: 250000 | O46: 150000 | P46: 150000 | Q46: 200000 | R46: 1000000 | S46: 400000 | T46: =SUM(H46:S46) -> 5483750 | V46: =SUMIF($B$7:$B$136,'ขาด-ลา-มาสาย'!B47,'ขาด-ลา-มาสาย'!$K$8:$K$100) -> 0 | W46: =SUMIF($B$7:$B$136,'ขาด-ลา-มาสาย'!B47,'ขาด-ลา-มาสาย'!$N$8:$N$100) -> 0 | X46: =SUMIF($B$7:$B$136,'ขาด-ลา-มาสาย'!B47,'ขาด-ลา-มาสาย'!$Q$8:$Q$100) -> 0 | Y46: =SUMIF($B$7:$B$136,'ขาด-ลา-มาสาย'!B47,'ขาด-ลา-มาสาย'!$T$8:$T$100) -> 0 | Z46: =SUMIF($B$7:$B$136,'ขาด-ลา-มาสาย'!B47,'ขาด-ลา-มาสาย'!$W$8:$W$100) -> 0 | AA46: =SUM(U46:Z46) -> 0 | AB46: =T46-AA46 -> 5483750 | AC46: =AB46-200000 -> 5283750 | AD46: =AC46*5% -> 264187.5 | AE46: =AB46-AD46 -> 5219562.5 | AG46: =AE46-AF46 -> 5219562.5 | AH46: PD | AI46: =AE46/680 -> 7675.8272 | AK46: NO ACCOUNT | AL46: =H46 -> 2600000 | AM46: =AA46 -> 0 | AN46: =AL46-AM46 -> 2600000 | AO46: =SUM(I46:S46) -> 2883750 | AP46: =AE46 -> 5219562.5
A47: 41 | B47: MYL202507103 | C47: MR NOUZING SEELANAM | D47: 2093462059 | E47: Welding OTS 1 | F47: ພາຍໃນປະເທດ | G47: 26 | H47: 2600000 | I47: =SUMIF($B$7:$B$175,OT!B48,OT!$S$8:$S$160) -> 0 | J47: =SUMIF($B$7:$B$136,เงินกะ!B48,เงินกะ!$M$8:$M$100) -> 86250 | K47: =H47*15%/26*22 -> 330000 | O47: 150000 | P47: 150000 | Q47: 200000 | R47: 1000000 | S47: =400000/26*22 -> 338461.54 | T47: =SUM(H47:S47) -> 4854711.5 | V47: =SUMIF($B$7:$B$136,'ขาด-ลา-มาสาย'!B48,'ขาด-ลา-มาสาย'!$K$8:$K$100) -> 0 | W47: =SUMIF($B$7:$B$136,'ขาด-ลา-มาสาย'!B48,'ขาด-ลา-มาสาย'!$N$8:$N$100) -> 0 | X47: =SUMIF($B$7:$B$136,'ขาด-ลา-มาสาย'!B48,'ขาด-ลา-มาสาย'!$Q$8:$Q$100) -> 0 | Y47: =SUMIF($B$7:$B$136,'ขาด-ลา-มาสาย'!B48,'ขาด-ลา-มาสาย'!$T$8:$T$100) -> 400000 | Z47: =SUMIF($B$7:$B$136,'ขาด-ลา-มาสาย'!B48,'ขาด-ลา-มาสาย'!$W$8:$W$100) -> 0 | AA47: =SUM(U47:Z47) -> 400000 | AB47: =T47-AA47 -> 4454711.5 | AC47: =AB47-200000 -> 4254711.5 | AD47: =AC47*5% -> 212735.58 | AE47: =AB47-AD47 -> 4241976 | AG47: =AE47-AF47 -> 4241976 | AH47: PD | AI47: =AE47/680 -> 6238.1999 | AK47: NO ACCOUNT | AL47: =H47 -> 2600000 | AM47: =AA47 -> 400000 | AN47: =AL47-AM47 -> 2200000 | AO47: =SUM(I47:S47) -> 2254711.5 | AP47: =AE47 -> 4241976
A48: 42 | B48: MYL202606157 | C48: MR PHOUTHONE CHANTHAVONGSA | D48: 2095105674 | E48: Welding OTS 1 | F48: ພາຍໃນປະເທດ | G48: 26 | H48: 2500000 | I48: =SUMIF($B$7:$B$175,OT!B49,OT!$S$8:$S$160) -> 0 | J48: =SUMIF($B$7:$B$136,เงินกะ!B49,เงินกะ!$M$8:$M$100) -> 138221.15 | K48: =H48*15%/26*20 -> 288461.54 | L48: =200000/26*20 -> 153846.15 | N48: =250000/26*20 -> 192307.69 | O48: =150000/26*20 -> 115384.62 | P48: =150000/26*20 -> 115384.62 | Q48: =200000/26*20 -> 153846.15 | R48: 300000 | S48: =400000/26*20 -> 307692.31 | T48: =SUM(H48:S48) -> 4265144.2 | V48: =SUMIF($B$7:$B$136,'ขาด-ลา-มาสาย'!B49,'ขาด-ลา-มาสาย'!$K$8:$K$100) -> 0 | W48: =SUMIF($B$7:$B$136,'ขาด-ลา-มาสาย'!B49,'ขาด-ลา-มาสาย'!$N$8:$N$100) -> 0 | X48: =SUMIF($B$7:$B$136,'ขาด-ลา-มาสาย'!B49,'ขาด-ลา-มาสาย'!$Q$8:$Q$100) -> 0 | Y48: =SUMIF($B$7:$B$136,'ขาด-ลา-มาสาย'!B49,'ขาด-ลา-มาสาย'!$T$8:$T$100) -> 0 | Z48: =SUMIF($B$7:$B$136,'ขาด-ลา-มาสาย'!B49,'ขาด-ลา-มาสาย'!$W$8:$W$100) -> 576923.08 | AA48: =SUM(U48:Z48) -> 576923.08 | AB48: =T48-AA48 -> 3688221.2 | AC48: =AB48-200000 -> 3488221.2 | AD48: =AC48*5% -> 174411.06 | AE48: =AB48-AD48 -> 3513810.1 | AG48: =AE48-AF48 -> 3513810.1
A49: 43 | B49: MYL201908038 | C49: MR PHONEPHANA SINGSUAYKEO | D49: 2077111088 | E49: Welding OTS 2 | F49: ພາຍໃນປະເທດ | G49: 26 | H49: 4000000 | I49: =SUMIF($B$7:$B$175,OT!B50,OT!$S$8:$S$160) -> 0 | J49: =SUMIF($B$7:$B$136,เงินกะ!B50,เงินกะ!$M$8:$M$100) -> 0 | R49: 4000000 | S49: =400000/26*25 -> 384615.38 | T49: =SUM(H49:S49) -> 8384615.4 | U49: 88000 | V49: =SUMIF($B$7:$B$136,'ขาด-ลา-มาสาย'!B50,'ขาด-ลา-มาสาย'!$K$8:$K$100) -> 0 | W49: =SUMIF($B$7:$B$136,'ขาด-ลา-มาสาย'!B50,'ขาด-ลา-มาสาย'!$N$8:$N$100) -> 0 | X49: =SUMIF($B$7:$B$136,'ขาด-ลา-มาสาย'!B50,'ขาด-ลา-มาสาย'!$Q$8:$Q$100) -> 0 | Y49: =SUMIF($B$7:$B$136,'ขาด-ลา-มาสาย'!B50,'ขาด-ลา-มาสาย'!$T$8:$T$100) -> 153846.15 | Z49: =SUMIF($B$7:$B$136,'ขาด-ลา-มาสาย'!B50,'ขาด-ลา-มาสาย'!$W$8:$W$100) -> 0 | AA49: =SUM(U49:Z49) -> 241846.15 | AB49: =T49-AA49 -> 8142769.2 | AC49: =AB49-200000 -> 7942769.2 | AD49: =AC49*5% -> 397138.46 | AE49: =AB49-AD49 -> 7745630.8 | AG49: =AE49-AF49 -> 7745630.8 | AH49: PD | AI49: =AE49/680 -> 11390.633 | AK49: 034-4-02-00-00003 | AL49: =H49 -> 4000000 | AM49: =AA49 -> 241846.15 | AN49: =AL49-AM49 -> 3758153.8 | AO49: =SUM(I49:S49) -> 4384615.4 | AP49: =AE49 -> 7745630.8
A50: 44 | B50: MYL202502043 | C50: MR JONENY CHAMPA | D50: 2058802628 | E50: Welding OTS 2 | F50: ພາຍໃນປະເທດ | G50: 26 | H50: 2600000 | I50: =SUMIF($B$7:$B$175,OT!B51,OT!$S$8:$S$160) -> 0 | J50: =SUMIF($B$7:$B$136,เงินกะ!B51,เงินกะ!$M$8:$M$100) -> 172500 | K50: =H50*15% -> 390000 | L50: 200000 | N50: 250000 | O50: 150000 | P50: 150000 | Q50: 200000 | R50: 1000000 | S50: =400000/26*24 -> 369230.77 | T50: =SUM(H50:S50) -> 5481730.8 | V50: =SUMIF($B$7:$B$136,'ขาด-ลา-มาสาย'!B51,'ขาด-ลา-มาสาย'!$K$8:$K$100) -> 0 | W50: =SUMIF($B$7:$B$136,'ขาด-ลา-มาสาย'!B51,'ขาด-ลา-มาสาย'!$N$8:$N$100) -> 0 | X50: =SUMIF($B$7:$B$136,'ขาด-ลา-มาสาย'!B51,'ขาด-ลา-มาสาย'!$Q$8:$Q$100) -> 0 | Y50: =SUMIF($B$7:$B$136,'ขาด-ลา-มาสาย'!B51,'ขาด-ลา-มาสาย'!$T$8:$T$100) -> 0 | Z50: =SUMIF($B$7:$B$136,'ขาด-ลา-มาสาย'!B51,'ขาด-ลา-มาสาย'!$W$8:$W$100) -> 0 | AA50: =SUM(U50:Z50) -> 0 | AB50: =T50-AA50 -> 5481730.8 | AC50: =AB50-200000 -> 5281730.8 | AD50: =AC50*5% -> 264086.54 | AE50: =AB50-AD50 -> 5217644.2 | AG50: =AE50-AF50 -> 5217644.2 | AH50: PD | AI50: =AE50/680 -> 7673.0062 | AK50: 030-3-02-00-12412 | AL50: =H50 -> 2600000 | AM50: =AA50 -> 0 | AN50: =AL50-AM50 -> 2600000 | AO50: =SUM(I50:S50) -> 2881730.8 | AP50: =AE50 -> 5217644.2
A51: 45 | B51: MYL202504055 | C51: MR BOUNMA SOUTHALIN | D51: 2099388176 | E51: Welding OTS 2 | F51: ພາຍໃນປະເທດ | G51: 26 | H51: 2600000 | I51: =SUMIF($B$7:$B$175,OT!B52,OT!$S$8:$S$160) -> 0 | J51: =SUMIF($B$7:$B$136,เงินกะ!B52,เงินกะ!$M$8:$M$100) -> 172500 | K51: =H51*15% -> 390000 | L51: 200000 | N51: 250000 | O51: 150000 | P51: 150000 | Q51: 200000 | R51: 1000000 | S51: 400000 | T51: =SUM(H51:S51) -> 5512500 | V51: =SUMIF($B$7:$B$136,'ขาด-ลา-มาสาย'!B52,'ขาด-ลา-มาสาย'!$K$8:$K$100) -> 0 | W51: =SUMIF($B$7:$B$136,'ขาด-ลา-มาสาย'!B52,'ขาด-ลา-มาสาย'!$N$8:$N$100) -> 0 | X51: =SUMIF($B$7:$B$136,'ขาด-ลา-มาสาย'!B52,'ขาด-ลา-มาสาย'!$Q$8:$Q$100) -> 0 | Y51: =SUMIF($B$7:$B$136,'ขาด-ลา-มาสาย'!B52,'ขาด-ลา-มาสาย'!$T$8:$T$100) -> 0 | Z51: =SUMIF($B$7:$B$136,'ขาด-ลา-มาสาย'!B52,'ขาด-ลา-มาสาย'!$W$8:$W$100) -> 0 | AA51: =SUM(U51:Z51) -> 0 | AB51: =T51-AA51 -> 5512500 | AC51: =AB51-200000 -> 5312500 | AD51: =AC51*5% -> 265625 | AE51: =AB51-AD51 -> 5246875 | AG51: =AE51-AF51 -> 5246875 | AH51: PD | AI51: =AE51/680 -> 7715.9926 | AK51: 030-0-00-00-06591 | AL51: =H51 -> 2600000 | AM51: =AA51 -> 0 | AN51: =AL51-AM51 -> 2600000 | AO51: =SUM(I51:S51) -> 2912500 | AP51: =AE51 -> 5246875
A52: 46 | B52: MYL202507097 | C52: MR CHAT SAENGARLUON | D52: 2093107685 | E52: Welding OTS 2 | F52: ພາຍໃນປະເທດ | G52: 26 | H52: 2600000 | I52: =SUMIF($B$7:$B$175,OT!B53,OT!$S$8:$S$160) -> 0 | J52: =SUMIF($B$7:$B$136,เงินกะ!B53,เงินกะ!$M$8:$M$100) -> 172500 | K52: =H52*15%/26*25 -> 375000 | L52: 200000 | O52: 150000 | P52: 150000 | Q52: 200000 | R52: 1000000 | S52: =400000/26*25 -> 384615.38 | T52: =SUM(H52:S52) -> 5232115.4 | V52: =SUMIF($B$7:$B$136,'ขาด-ลา-มาสาย'!B53,'ขาด-ลา-มาสาย'!$K$8:$K$100) -> 50000 | W52: =SUMIF($B$7:$B$136,'ขาด-ลา-มาสาย'!B53,'ขาด-ลา-มาสาย'!$N$8:$N$100) -> 0 | X52: =SUMIF($B$7:$B$136,'ขาด-ลา-มาสาย'!B53,'ขาด-ลา-มาสาย'!$Q$8:$Q$100) -> 0 | Y52: =SUMIF($B$7:$B$136,'ขาด-ลา-มาสาย'!B53,'ขาด-ลา-มาสาย'!$T$8:$T$100) -> 100000 | Z52: =SUMIF($B$7:$B$136,'ขาด-ลา-มาสาย'!B53,'ขาด-ลา-มาสาย'!$W$8:$W$100) -> 0 | AA52: =SUM(U52:Z52) -> 150000 | AB52: =T52-AA52 -> 5082115.4 | AC52: =AB52-200000 -> 4882115.4 | AD52: =AC52*5% -> 244105.77 | AE52: =AB52-AD52 -> 4838009.6 | AG52: =AE52-AF52 -> 4838009.6 | AH52: PD | AI52: =AE52/680 -> 7114.72 | AK52: NO ACCOUNT | AL52: =H52 -> 2600000 | AM52: =AA52 -> 150000 | AN52: =AL52-AM52 -> 2450000 | AO52: =SUM(I52:S52) -> 2632115.4 | AP52: =AE52 -> 4838009.6
A53: 47 | B53: MYL202507101 | C53: MR BOUNKEUTH NORLATH | D53: 2094297776 | E53: Welding OTS 2 | F53: ພາຍໃນປະເທດ | G53: 26 | H53: 2500000 | I53: =SUMIF($B$7:$B$175,OT!B54,OT!$S$8:$S$160) -> 0 | J53: =SUMIF($B$7:$B$136,เงินกะ!B54,เงินกะ!$M$8:$M$100) -> 165865.38 | K53: =H53*15%/26*24 -> 346153.85 | O53: 150000 | P53: 150000 | Q53: 200000 | R53: 1000000 | S53: =400000/26*24 -> 369230.77 | T53: =SUM(H53:S53) -> 4881250 | V53: =SUMIF($B$7:$B$136,'ขาด-ลา-มาสาย'!B54,'ขาด-ลา-มาสาย'!$K$8:$K$100) -> 0 | W53: =SUMIF($B$7:$B$136,'ขาด-ลา-มาสาย'!B54,'ขาด-ลา-มาสาย'!$N$8:$N$100) -> 0 | X53: =SUMIF($B$7:$B$136,'ขาด-ลา-มาสาย'!B54,'ขาด-ลา-มาสาย'!$Q$8:$Q$100) -> 0 | Y53: =SUMIF($B$7:$B$136,'ขาด-ลา-มาสาย'!B54,'ขาด-ลา-มาสาย'!$T$8:$T$100) -> 192307.69 | Z53: =SUMIF($B$7:$B$136,'ขาด-ลา-มาสาย'!B54,'ขาด-ลา-มาสาย'!$W$8:$W$100) -> 0 | AA53: =SUM(U53:Z53) -> 192307.69 | AB53: =T53-AA53 -> 4688942.3 | AC53: =AB53-200000 -> 4488942.3 | AD53: =AC53*5% -> 224447.12 | AE53: =AB53-AD53 -> 4464495.2 | AG53: =AE53-AF53 -> 4464495.2 | AH53: PD | AI53: =AE53/680 -> 6565.4341 | AK53: NO ACCOUNT | AL53: =H53 -> 2500000 | AM53: =AA53 -> 192307.69 | AN53: =AL53-AM53 -> 2307692.3 | AO53: =SUM(I53:S53) -> 2381250 | AP53: =AE53 -> 4464495.2
A54: 48 | B54: MYL202601126 | C54: MR BONETHANA SYPASUET | D54: 2098614922 | E54: Welding OTS 2 | F54: ພາຍໃນປະເທດ | G54: 26 | H54: 2600000 | I54: =SUMIF($B$7:$B$175,OT!B55,OT!$S$8:$S$160) -> 0 | J54: =SUMIF($B$7:$B$136,เงินกะ!B55,เงินกะ!$M$8:$M$100) -> 172500 | K54: =H54*15% -> 390000 | L54: 200000 | N54: 250000 | O54: 150000 | P54: 150000 | Q54: 200000 | R54: 1000000 | S54: 400000 | T54: =SUM(H54:S54) -> 5512500 | V54: =SUMIF($B$7:$B$136,'ขาด-ลา-มาสาย'!B55,'ขาด-ลา-มาสาย'!$K$8:$K$100) -> 0 | W54: =SUMIF($B$7:$B$136,'ขาด-ลา-มาสาย'!B55,'ขาด-ลา-มาสาย'!$N$8:$N$100) -> 0 | X54: =SUMIF($B$7:$B$136,'ขาด-ลา-มาสาย'!B55,'ขาด-ลา-มาสาย'!$Q$8:$Q$100) -> 0 | Y54: =SUMIF($B$7:$B$136,'ขาด-ลา-มาสาย'!B55,'ขาด-ลา-มาสาย'!$T$8:$T$100) -> 0 | Z54: =SUMIF($B$7:$B$136,'ขาด-ลา-มาสาย'!B55,'ขาด-ลา-มาสาย'!$W$8:$W$100) -> 0 | AA54: =SUM(U54:Z54) -> 0 | AB54: =T54-AA54 -> 5512500 | AC54: =AB54-200000 -> 5312500 | AD54: =AC54*5% -> 265625 | AE54: =AB54-AD54 -> 5246875 | AG54: =AE54-AF54 -> 5246875 | AH54: PD | AI54: =AE54/680 -> 7715.9926 | AK54: NO ACCOUNT | AL54: =H54 -> 2600000 | AM54: =AA54 -> 0 | AN54: =AL54-AM54 -> 2600000 | AO54: =SUM(I54:S54) -> 2912500 | AP54: =AE54 -> 5246875
A55: 49 | B55: MYL202605148 | C55: MR VILAYLACK SEEMIXAI | D55: 2056183148 | E55: Welding OTS 2 | F55: ພາຍໃນປະເທດ | G55: 26 | H55: 2500000 | I55: =SUMIF($B$7:$B$175,OT!B56,OT!$S$8:$S$160) -> 0 | J55: =SUMIF($B$7:$B$136,เงินกะ!B56,เงินกะ!$M$8:$M$100) -> 152043.27 | K55: =H55*15%/26*24 -> 346153.85 | L55: 200000 | O55: 150000 | P55: 150000 | Q55: 200000 | R55: 350000 | S55: =400000/26*24 -> 369230.77 | T55: =SUM(H55:S55) -> 4417427.9 | V55: =SUMIF($B$7:$B$136,'ขาด-ลา-มาสาย'!B56,'ขาด-ลา-มาสาย'!$K$8:$K$100) -> 0 | W55: =SUMIF($B$7:$B$136,'ขาด-ลา-มาสาย'!B56,'ขาด-ลา-มาสาย'!$N$8:$N$100) -> 0 | X55: =SUMIF($B$7:$B$136,'ขาด-ลา-มาสาย'!B56,'ขาด-ลา-มาสาย'!$Q$8:$Q$100) -> 0 | Y55: =SUMIF($B$7:$B$136,'ขาด-ลา-มาสาย'!B56,'ขาด-ลา-มาสาย'!$T$8:$T$100) -> 192307.69 | Z55: =SUMIF($B$7:$B$136,'ขาด-ลา-มาสาย'!B56,'ขาด-ลา-มาสาย'!$W$8:$W$100) -> 0 | AA55: =SUM(U55:Z55) -> 192307.69 | AB55: =T55-AA55 -> 4225120.2 | AC55: =AB55-200000 -> 4025120.2 | AD55: =AC55*5% -> 201256.01 | AE55: =AB55-AD55 -> 4023864.2 | AG55: =AE55-AF55 -> 4023864.2 | AH55: PD | AI55: =AE55/680 -> 5917.4473 | AK55: NO ACCOUNT | AL55: =H55 -> 2500000 | AM55: =AA55 -> 192307.69 | AN55: =AL55-AM55 -> 2307692.3 | AO55: =SUM(I55:S55) -> 1917427.9 | AP55: =AE55 -> 4023864.2
A56: 50 | B56: MYL202606154 | C56: MR THUDSAPHONE HOUNGLADSAMEE | D56: 2097845973 | E56: Welding OTS 2 | F56: ພາຍໃນປະເທດ | G56: 26 | H56: 2500000 | I56: =SUMIF($B$7:$B$175,OT!B57,OT!$S$8:$S$160) -> 0 | J56: =SUMIF($B$7:$B$136,เงินกะ!B57,เงินกะ!$M$8:$M$100) -> 82932.692 | K56: =H56*15%/26*19 -> 274038.46 | L56: 0 | O56: =150000/26*19 -> 109615.38 | P56: =150000/26*19 -> 109615.38 | Q56: =200000/26*20 -> 153846.15 | R56: 300000 | S56: =400000/26*19 -> 292307.69 | T56: =SUM(H56:S56) -> 3822355.8 | V56: =SUMIF($B$7:$B$136,'ขาด-ลา-มาสาย'!B57,'ขาด-ลา-มาสาย'!$K$8:$K$100) -> 0 | W56: =SUMIF($B$7:$B$136,'ขาด-ลา-มาสาย'!B57,'ขาด-ลา-มาสาย'!$N$8:$N$100) -> 0 | X56: =SUMIF($B$7:$B$136,'ขาด-ลา-มาสาย'!B57,'ขาด-ลา-มาสาย'!$Q$8:$Q$100) -> 0 | Y56: =SUMIF($B$7:$B$136,'ขาด-ลา-มาสาย'!B57,'ขาด-ลา-มาสาย'!$T$8:$T$100) -> 96153.846 | Z56: =SUMIF($B$7:$B$136,'ขาด-ลา-มาสาย'!B57,'ขาด-ลา-มาสาย'!$W$8:$W$100) -> 576923.08 | AA56: =SUM(U56:Z56) -> 673076.92 | AB56: =T56-AA56 -> 3149278.8 | AC56: =AB56-200000 -> 2949278.8 | AD56: =AC56*5% -> 147463.94 | AE56: =AB56-AD56 -> 3001814.9 | AG56: =AE56-AF56 -> 3001814.9 | AI56: =AE56/680 -> 4414.4337 | AL56: =H56 -> 2500000 | AM56: =AA56 -> 673076.92 | AN56: =AL56-AM56 -> 1826923.1 | AO56: =SUM(I56:S56) -> 1322355.8 | AP56: =AE56 -> 3001814.9
A57: 51 | B57: MYL202001008 | C57: MRS SAVINY PHOUTTHALAKSA | D57: 2099481761 | E57: Valve Assembly | F57: ພາຍໃນປະເທດ | G57: 26 | H57: 2865137.8 | I57: =SUMIF($B$7:$B$175,OT!B58,OT!$S$8:$S$160) -> 0 | J57: =SUMIF($B$7:$B$136,เงินกะ!B58,เงินกะ!$M$8:$M$100) -> 95045.437 | L57: 200000 | N57: 250000 | O57: 150000 | P57: 150000 | Q57: 200000 | R57: 400000 | S57: 400000 | T57: =SUM(H57:S57) -> 4710183.3 | U57: 88000 | V57: =SUMIF($B$7:$B$136,'ขาด-ลา-มาสาย'!B58,'ขาด-ลา-มาสาย'!$K$8:$K$100) -> 0 | W57: =SUMIF($B$7:$B$136,'ขาด-ลา-มาสาย'!B58,'ขาด-ลา-มาสาย'!$N$8:$N$100) -> 0 | X57: =SUMIF($B$7:$B$136,'ขาด-ลา-มาสาย'!B58,'ขาด-ลา-มาสาย'!$Q$8:$Q$100) -> 0 | Y57: =SUMIF($B$7:$B$136,'ขาด-ลา-มาสาย'!B58,'ขาด-ลา-มาสาย'!$T$8:$T$100) -> 0 | Z57: =SUMIF($B$7:$B$136,'ขาด-ลา-มาสาย'!B58,'ขาด-ลา-มาสาย'!$W$8:$W$100) -> 0 | AA57: =SUM(U57:Z57) -> 88000 | AB57: =T57-AA57 -> 4622183.3 | AC57: =AB57-200000 -> 4422183.3 | AD57: =AC57*5% -> 221109.16 | AE57: =AB57-AD57 -> 4401074.1 | AG57: =AE57-AF57 -> 4401074.1 | AH57: PD | AI57: =AE57/680 -> 6472.1678 | AK57: 034-5-02-00-00039 | AL57: =H57 -> 2865137.8 | AM57: =AA57 -> 88000 | AN57: =AL57-AM57 -> 2777137.8 | AO57: =SUM(I57:S57) -> 1845045.4 | AP57: =AE57 -> 4401074.1
A58: 52 | B58: MYL202501009 | C58: MRS SUINOY THILAKHAMPHIW | D58: 2077053990 | E58: Valve Assembly | F58: ພາຍໃນປະເທດ | G58: 26 | H58: 2600000 | I58: =SUMIF($B$7:$B$175,OT!B59,OT!$S$8:$S$160) -> 0 | J58: =SUMIF($B$7:$B$136,เงินกะ!B59,เงินกะ!$M$8:$M$100) -> 86250 | L58: 200000 | O58: 150000 | P58: 150000 | Q58: 200000 | R58: 350000 | S58: =400000/26*23 -> 353846.15 | T58: =SUM(H58:S58) -> 4090096.2 | V58: =SUMIF($B$7:$B$136,'ขาด-ลา-มาสาย'!B59,'ขาด-ลา-มาสาย'!$K$8:$K$100) -> 0 | W58: =SUMIF($B$7:$B$136,'ขาด-ลา-มาสาย'!B59,'ขาด-ลา-มาสาย'!$N$8:$N$100) -> 0 | X58: =SUMIF($B$7:$B$136,'ขาด-ลา-มาสาย'!B59,'ขาด-ลา-มาสาย'!$Q$8:$Q$100) -> 0 | Y58: =SUMIF($B$7:$B$136,'ขาด-ลา-มาสาย'!B59,'ขาด-ลา-มาสาย'!$T$8:$T$100) -> 200000 | Z58: =SUMIF($B$7:$B$136,'ขาด-ลา-มาสาย'!B59,'ขาด-ลา-มาสาย'!$W$8:$W$100) -> 0 | AA58: =SUM(U58:Z58) -> 200000 | AB58: =T58-AA58 -> 3890096.2 | AC58: =AB58-200000 -> 3690096.2 | AD58: =AC58*5% -> 184504.81 | AE58: =AB58-AD58 -> 3705591.3 | AG58: =AE58-AF58 -> 3705591.3 | AH58: PD | AI58: =AE58/680 -> 5449.399 | AK58: 030-0-02-00-12402 | AL58: =H58 -> 2600000 | AM58: =AA58 -> 200000 | AN58: =AL58-AM58 -> 2400000 | AO58: =SUM(I58:S58) -> 1490096.2 | AP58: =AE58 -> 3705591.3
A59: 53 | B59: MYL202001019 | C59: MRS VANNAPHA VONGCHANDY | D59: 2051502770 | E59: PISTON Assembly | F59: ພາຍໃນປະເທດ | G59: 26 | H59: 2865137.8 | I59: =SUMIF($B$7:$B$175,OT!B60,OT!$S$8:$S$160) -> 0 | J59: =SUMIF($B$7:$B$136,เงินกะ!B60,เงินกะ!$M$8:$M$100) -> 95045.437 | L59: 200000 | N59: 250000 | O59: 150000 | P59: 150000 | Q59: 200000 | R59: 400000 | S59: 400000 | T59: =SUM(H59:S59) -> 4710183.3 | U59: 88000 | V59: =SUMIF($B$7:$B$136,'ขาด-ลา-มาสาย'!B60,'ขาด-ลา-มาสาย'!$K$8:$K$100) -> 0 | W59: =SUMIF($B$7:$B$136,'ขาด-ลา-มาสาย'!B60,'ขาด-ลา-มาสาย'!$N$8:$N$100) -> 0 | X59: =SUMIF($B$7:$B$136,'ขาด-ลา-มาสาย'!B60,'ขาด-ลา-มาสาย'!$Q$8:$Q$100) -> 0 | Y59: =SUMIF($B$7:$B$136,'ขาด-ลา-มาสาย'!B60,'ขาด-ลา-มาสาย'!$T$8:$T$100) -> 0 | Z59: =SUMIF($B$7:$B$136,'ขาด-ลา-มาสาย'!B60,'ขาด-ลา-มาสาย'!$W$8:$W$100) -> 0 | AA59: =SUM(U59:Z59) -> 88000 | AB59: =T59-AA59 -> 4622183.3 | AC59: =AB59-200000 -> 4422183.3 | AD59: =AC59*5% -> 221109.16 | AE59: =AB59-AD59 -> 4401074.1 | AG59: =AE59-AF59 -> 4401074.1 | AH59: PD | AI59: =AE59/680 -> 6472.1678 | AK59: 034-5-02-00-00040 | AL59: =H59 -> 2865137.8 | AM59: =AA59 -> 88000 | AN59: =AL59-AM59 -> 2777137.8 | AO59: =SUM(I59:S59) -> 1845045.4 | AP59: =AE59 -> 4401074.1
A60: 54 | B60: MYL202509115 | C60: MRS TOUNY SENGSOULIN | D60: 2091940060 | E60: PISTON Assembly | F60: ພາຍໃນປະເທດ | G60: 26 | H60: 2600000 | I60: =SUMIF($B$7:$B$175,OT!B61,OT!$S$8:$S$160) -> 37500 | J60: =SUMIF($B$7:$B$136,เงินกะ!B61,เงินกะ!$M$8:$M$100) -> 71875 | L60: 200000 | O60: 150000 | P60: 150000 | Q60: 200000 | R60: 350000 | S60: =400000/26*24 -> 369230.77 | T60: =SUM(H60:S60) -> 4128605.8 | V60: =SUMIF($B$7:$B$136,'ขาด-ลา-มาสาย'!B61,'ขาด-ลา-มาสาย'!$K$8:$K$100) -> 0 | W60: =SUMIF($B$7:$B$136,'ขาด-ลา-มาสาย'!B61,'ขาด-ลา-มาสาย'!$N$8:$N$100) -> 0 | X60: =SUMIF($B$7:$B$136,'ขาด-ลา-มาสาย'!B61,'ขาด-ลา-มาสาย'!$Q$8:$Q$100) -> 0 | Y60: =SUMIF($B$7:$B$136,'ขาด-ลา-มาสาย'!B61,'ขาด-ลา-มาสาย'!$T$8:$T$100) -> 200000 | Z60: =SUMIF($B$7:$B$136,'ขาด-ลา-มาสาย'!B61,'ขาด-ลา-มาสาย'!$W$8:$W$100) -> 0 | AA60: =SUM(U60:Z60) -> 200000 | AB60: =T60-AA60 -> 3928605.8 | AC60: =AB60-200000 -> 3728605.8 | AD60: =AC60*5% -> 186430.29 | AE60: =AB60-AD60 -> 3742175.5 | AG60: =AE60-AF60 -> 3742175.5 | AH60: PD | AI60: =AE60/680 -> 5503.1992 | AK60: 034-7-02-00-00400 | AL60: =H60 -> 2600000 | AM60: =AA60 -> 200000 | AN60: =AL60-AM60 -> 2400000 | AO60: =SUM(I60:S60) -> 1528605.8 | AP60: =AE60 -> 3742175.5
A61: 55 | B61: MYL201908033 | C61: MR SIPHAN KITTILATH | D61: 2051502770 | E61: Assembly_PTS | F61: ພາຍໃນປະເທດ | G61: 26 | H61: 3300000 | I61: =SUMIF($B$7:$B$175,OT!B62,OT!$S$8:$S$160) -> 0 | J61: =SUMIF($B$7:$B$136,เงินกะ!B62,เงินกะ!$M$8:$M$100) -> 109471.15 | L61: 200000 | N61: 250000 | O61: 150000 | P61: 150000 | Q61: 200000 | R61: 1700000 | S61: 400000 | T61: =SUM(H61:S61) -> 6459471.2 | U61: 88000 | V61: =SUMIF($B$7:$B$136,'ขาด-ลา-มาสาย'!B62,'ขาด-ลา-มาสาย'!$K$8:$K$100) -> 0 | W61: =SUMIF($B$7:$B$136,'ขาด-ลา-มาสาย'!B62,'ขาด-ลา-มาสาย'!$N$8:$N$100) -> 0 | X61: =SUMIF($B$7:$B$136,'ขาด-ลา-มาสาย'!B62,'ขาด-ลา-มาสาย'!$Q$8:$Q$100) -> 0 | Y61: =SUMIF($B$7:$B$136,'ขาด-ลา-มาสาย'!B62,'ขาด-ลา-มาสาย'!$T$8:$T$100) -> 0 | Z61: =SUMIF($B$7:$B$136,'ขาด-ลา-มาสาย'!B62,'ขาด-ลา-มาสาย'!$W$8:$W$100) -> 0 | AA61: =SUM(U61:Z61) -> 88000 | AB61: =T61-AA61 -> 6371471.2 | AC61: =AB61-200000 -> 6171471.2 | AD61: =AC61*5% -> 308573.56 | AE61: =AB61-AD61 -> 6062897.6 | AG61: =AE61-AF61 -> 6062897.6 | AH61: PD | AI61: =AE61/680 -> 8916.0259 | AK61: 034-6-02-00-00009 | AL61: =H61 -> 3300000 | AM61: =AA61 -> 88000 | AN61: =AL61-AM61 -> 3212000 | AO61: =SUM(I61:S61) -> 3159471.2 | AP61: =AE61 -> 6062897.6
A62: 56 | B62: MYL202502017 | C62: MRS KHAMPHOUVI SETTHATHILATH | D62: 2095818828 | E62: Assembly_PTS | F62: ພາຍໃນປະເທດ | G62: 26 | H62: 2600000 | I62: =SUMIF($B$7:$B$175,OT!B63,OT!$S$8:$S$160) -> 0 | J62: =SUMIF($B$7:$B$136,เงินกะ!B63,เงินกะ!$M$8:$M$100) -> 86250 | L62: 200000 | N62: 250000 | O62: 150000 | P62: 150000 | Q62: 200000 | R62: 350000 | S62: 400000 | T62: =SUM(H62:S62) -> 4386250 | V62: =SUMIF($B$7:$B$136,'ขาด-ลา-มาสาย'!B63,'ขาด-ลา-มาสาย'!$K$8:$K$100) -> 0 | W62: =SUMIF($B$7:$B$136,'ขาด-ลา-มาสาย'!B63,'ขาด-ลา-มาสาย'!$N$8:$N$100) -> 0 | X62: =SUMIF($B$7:$B$136,'ขาด-ลา-มาสาย'!B63,'ขาด-ลา-มาสาย'!$Q$8:$Q$100) -> 0 | Y62: =SUMIF($B$7:$B$136,'ขาด-ลา-มาสาย'!B63,'ขาด-ลา-มาสาย'!$T$8:$T$100) -> 0 | Z62: =SUMIF($B$7:$B$136,'ขาด-ลา-มาสาย'!B63,'ขาด-ลา-มาสาย'!$W$8:$W$100) -> 0 | AA62: =SUM(U62:Z62) -> 0 | AB62: =T62-AA62 -> 4386250 | AC62: =AB62-200000 -> 4186250 | AD62: =AC62*5% -> 209312.5 | AE62: =AB62-AD62 -> 4176937.5 | AG62: =AE62-AF62 -> 4176937.5 | AH62: PD | AI62: =AE62/680 -> 6142.5551 | AK62: 030-6-02-00-12400 | AL62: =H62 -> 2600000 | AM62: =AA62 -> 0 | AN62: =AL62-AM62 -> 2600000 | AO62: =SUM(I62:S62) -> 1786250 | AP62: =AE62 -> 4176937.5
A63: 57 | B63: MYL202405034 | C63: MRS TOUKTA ORLADASITH | D63: 2096080362 | E63: Assembly_PTS | F63: ພາຍໃນປະເທດ | G63: 26 | H63: 2668000 | I63: =SUMIF($B$7:$B$175,OT!B64,OT!$S$8:$S$160) -> 0 | J63: =SUMIF($B$7:$B$136,เงินกะ!B64,เงินกะ!$M$8:$M$100) -> 88505.769 | L63: 200000 | N63: 250000 | O63: 150000 | P63: 150000 | Q63: 200000 | R63: 350000 | S63: 400000 | T63: =SUM(H63:S63) -> 4456505.8 | V63: =SUMIF($B$7:$B$136,'ขาด-ลา-มาสาย'!B64,'ขาด-ลา-มาสาย'!$K$8:$K$100) -> 0 | W63: =SUMIF($B$7:$B$136,'ขาด-ลา-มาสาย'!B64,'ขาด-ลา-มาสาย'!$N$8:$N$100) -> 0 | X63: =SUMIF($B$7:$B$136,'ขาด-ลา-มาสาย'!B64,'ขาด-ลา-มาสาย'!$Q$8:$Q$100) -> 0 | Y63: =SUMIF($B$7:$B$136,'ขาด-ลา-มาสาย'!B64,'ขาด-ลา-มาสาย'!$T$8:$T$100) -> 0 | Z63: =SUMIF($B$7:$B$136,'ขาด-ลา-มาสาย'!B64,'ขาด-ลา-มาสาย'!$W$8:$W$100) -> 0 | AA63: =SUM(U63:Z63) -> 0 | AB63: =T63-AA63 -> 4456505.8 | AC63: =AB63-200000 -> 4256505.8 | AD63: =AC63*5% -> 212825.29 | AE63: =AB63-AD63 -> 4243680.5 | AG63: =AE63-AF63 -> 4243680.5 | AH63: PD | AI63: =AE63/680 -> 6240.7066 | AK63: 030-9-02-00-12313 | AL63: =H63 -> 2668000 | AM63: =AA63 -> 0 | AN63: =AL63-AM63 -> 2668000 | AO63: =SUM(I63:S63) -> 1788505.8 | AP63: =AE63 -> 4243680.5
A64: 58 | B64: MYT202511121 | C64: MR KHAMPHENG SENGDALA | D64: 2058128091 | E64: Assembly_PTS | F64: ພາຍໃນປະເທດ | G64: 26 | H64: 2600000 | I64: =SUMIF($B$7:$B$175,OT!B65,OT!$S$8:$S$160) -> 0 | J64: =SUMIF($B$7:$B$136,เงินกะ!B65,เงินกะ!$M$8:$M$100) -> 71875 | L64: 200000 | O64: 150000 | P64: 150000 | Q64: 200000 | R64: 350000 | S64: =400000/26*25 -> 384615.38 | T64: =SUM(H64:S64) -> 4106490.4 | V64: =SUMIF($B$7:$B$136,'ขาด-ลา-มาสาย'!B65,'ขาด-ลา-มาสาย'!$K$8:$K$100) -> 10000 | W64: =SUMIF($B$7:$B$136,'ขาด-ลา-มาสาย'!B65,'ขาด-ลา-มาสาย'!$N$8:$N$100) -> 0 | X64: =SUMIF($B$7:$B$136,'ขาด-ลา-มาสาย'!B65,'ขาด-ลา-มาสาย'!$Q$8:$Q$100) -> 0 | Y64: =SUMIF($B$7:$B$136,'ขาด-ลา-มาสาย'!B65,'ขาด-ลา-มาสาย'!$T$8:$T$100) -> 100000 | Z64: =SUMIF($B$7:$B$136,'ขาด-ลา-มาสาย'!B65,'ขาด-ลา-มาสาย'!$W$8:$W$100) -> 0 | AA64: =SUM(U64:Z64) -> 110000 | AB64: =T64-AA64 -> 3996490.4 | AC64: =AB64-200000 -> 3796490.4 | AD64: =AC64*5% -> 189824.52 | AE64: =AB64-AD64 -> 3806665.9 | AG64: =AE64-AF64 -> 3806665.9 | AH64: PD | AI64: =AE64/680 -> 5598.038 | AK64: 032-8-00-00-00492 | AL64: =H64 -> 2600000 | AM64: =AA64 -> 110000 | AN64: =AL64-AM64 -> 2490000 | AO64: =SUM(I64:S64) -> 1506490.4 | AP64: =AE64 -> 3806665.9
A65: 59 | B65: MYL202604145 | C65: MRS SUAY SENGDALA | D65: 2077315902 | E65: Assembly_PTS | F65: ພາຍໃນປະເທດ | G65: 26 | H65: 2500000 | I65: =SUMIF($B$7:$B$175,OT!B66,OT!$S$8:$S$160) -> 0 | J65: =SUMIF($B$7:$B$136,เงินกะ!B66,เงินกะ!$M$8:$M$100) -> 41466.346 | O65: =150000/26*14 -> 80769.231 | P65: =150000/26*14 -> 80769.231 | R65: =350000/26*14 -> 188461.54 | S65: =400000/26*14 -> 215384.62 | T65: =SUM(H65:S65) -> 3106851 | V65: =SUMIF($B$7:$B$136,'ขาด-ลา-มาสาย'!B66,'ขาด-ลา-มาสาย'!$K$8:$K$100) -> 10000 | W65: =SUMIF($B$7:$B$136,'ขาด-ลา-มาสาย'!B66,'ขาด-ลา-มาสาย'!$N$8:$N$100) -> 0 | X65: =SUMIF($B$7:$B$136,'ขาด-ลา-มาสาย'!B66,'ขาด-ลา-มาสาย'!$Q$8:$Q$100) -> 0 | Y65: =SUMIF($B$7:$B$136,'ขาด-ลา-มาสาย'!B66,'ขาด-ลา-มาสาย'!$T$8:$T$100) -> 480769.23 | Z65: =SUMIF($B$7:$B$136,'ขาด-ลา-มาสาย'!B66,'ขาด-ลา-มาสาย'!$W$8:$W$100) -> 576923.08 | AA65: =SUM(U65:Z65) -> 1067692.3 | AB65: =T65-AA65 -> 2039158.7 | AC65: =AB65-200000 -> 1839158.7 | AD65: =AC65*5% -> 91957.933 | AE65: =AB65-AD65 -> 1947200.7 | AG65: =AE65-AF65 -> 1947200.7 | AH65: PD | AI65: =AE65/680 -> 2863.5305 | AK65: NO ACCOUNT | AL65: =H65 -> 2500000 | AM65: =AA65 -> 1067692.3 | AN65: =AL65-AM65 -> 1432307.7 | AO65: =SUM(I65:S65) -> 606850.96 | AP65: =AE65 -> 1947200.7
A66: 60 | B66: MYL202405063 | C66: MR LOUNGMISAY SINPASEUTH | D66: 2098774705 | E66: Assembly SAS | F66: ພາຍໃນປະເທດ | G66: 26 | H66: 3300000 | I66: =SUMIF($B$7:$B$175,OT!B67,OT!$S$8:$S$160) -> 118990.38 | J66: =SUMIF($B$7:$B$136,เงินกะ!B67,เงินกะ!$M$8:$M$100) -> 91225.962 | K66: =H66*15% -> 495000 | L66: 200000 | N66: 250000 | O66: 150000 | P66: 150000 | Q66: 200000 | R66: 1700000 | S66: =400000/26*25 -> 384615.38 | T66: =SUM(H66:S66) -> 7039831.7 | U66: 88000 | V66: =SUMIF($B$7:$B$136,'ขาด-ลา-มาสาย'!B67,'ขาด-ลา-มาสาย'!$K$8:$K$100) -> 0 | W66: =SUMIF($B$7:$B$136,'ขาด-ลา-มาสาย'!B67,'ขาด-ลา-มาสาย'!$N$8:$N$100) -> 0 | X66: =SUMIF($B$7:$B$136,'ขาด-ลา-มาสาย'!B67,'ขาด-ลา-มาสาย'!$Q$8:$Q$100) -> 0 | Y66: =SUMIF($B$7:$B$136,'ขาด-ลา-มาสาย'!B67,'ขาด-ลา-มาสาย'!$T$8:$T$100) -> 0 | Z66: =SUMIF($B$7:$B$136,'ขาด-ลา-มาสาย'!B67,'ขาด-ลา-มาสาย'!$W$8:$W$100) -> 0 | AA66: =SUM(U66:Z66) -> 88000 | AB66: =T66-AA66 -> 6951831.7 | AC66: =AB66-200000 -> 6751831.7 | AD66: =AC66*5% -> 337591.59 | AE66: =AB66-AD66 -> 6614240.1 | AG66: =AE66-AF66 -> 6614240.1 | AH66: PD | AI66: =AE66/680 -> 9726.8237 | AK66: 034-7-02-00-00369 | AL66: =H66 -> 3300000 | AM66: =AA66 -> 88000 | AN66: =AL66-AM66 -> 3212000 | AO66: =SUM(I66:S66) -> 3739831.7 | AP66: =AE66 -> 6614240.1
A67: 61 | B67: MYL202406012 | C67: MR JIMMY KETTAVONG | D67: 2091940060 | E67: Assembly SAS | F67: ພາຍໃນປະເທດ | G67: 26 | H67: 2685000 | I67: =SUMIF($B$7:$B$175,OT!B68,OT!$S$8:$S$160) -> 96814.904 | J67: =SUMIF($B$7:$B$136,เงินกะ!B68,เงินกะ!$M$8:$M$100) -> 74224.76 | K67: =H67*15% -> 402750 | L67: 200000 | N67: 250000 | O67: 150000 | P67: 150000 | Q67: 200000 | R67: 800000 | S67: =400000/26*24 -> 369230.77 | T67: =SUM(H67:S67) -> 5378020.4 | V67: =SUMIF($B$7:$B$136,'ขาด-ลา-มาสาย'!B68,'ขาด-ลา-มาสาย'!$K$8:$K$100) -> 0 | W67: =SUMIF($B$7:$B$136,'ขาด-ลา-มาสาย'!B68,'ขาด-ลา-มาสาย'!$N$8:$N$100) -> 0 | X67: =SUMIF($B$7:$B$136,'ขาด-ลา-มาสาย'!B68,'ขาด-ลา-มาสาย'!$Q$8:$Q$100) -> 0 | Y67: =SUMIF($B$7:$B$136,'ขาด-ลา-มาสาย'!B68,'ขาด-ลา-มาสาย'!$T$8:$T$100) -> 0 | Z67: =SUMIF($B$7:$B$136,'ขาด-ลา-มาสาย'!B68,'ขาด-ลา-มาสาย'!$W$8:$W$100) -> 0 | AA67: =SUM(U67:Z67) -> 0 | AB67: =T67-AA67 -> 5378020.4 | AC67: =AB67-200000 -> 5178020.4 | AD67: =AC67*5% -> 258901.02 | AE67: =AB67-AD67 -> 5119119.4 | AG67: =AE67-AF67 -> 5119119.4 | AH67: PD | AI67: =AE67/680 -> 7528.1168 | AK67: 034-1-02-00-00372 | AL67: =H67 -> 2685000 | AM67: =AA67 -> 0 | AN67: =AL67-AM67 -> 2685000 | AO67: =SUM(I67:S67) -> 2693020.4 | AP67: =AE67 -> 5119119.4
A68: 62 | B68: MYL202405031 | C68: MR NOUPHONE CHANTHAMALY | D68: 2057025508 | E68: Assembly SAS | F68: ພາຍໃນປະເທດ | G68: 26 | H68: 2702000 | I68: =SUMIF($B$7:$B$175,OT!B69,OT!$S$8:$S$160) -> 97427.885 | J68: =SUMIF($B$7:$B$136,เงินกะ!B69,เงินกะ!$M$8:$M$100) -> 74694.712 | K68: =H68*15% -> 405300 | L68: 200000 | N68: 250000 | O68: 150000 | P68: 150000 | Q68: 200000 | R68: 800000 | S68: =400000/26*25 -> 384615.38 | T68: =SUM(H68:S68) -> 5414038 | V68: =SUMIF($B$7:$B$136,'ขาด-ลา-มาสาย'!B69,'ขาด-ลา-มาสาย'!$K$8:$K$100) -> 0 | W68: =SUMIF($B$7:$B$136,'ขาด-ลา-มาสาย'!B69,'ขาด-ลา-มาสาย'!$N$8:$N$100) -> 0 | X68: =SUMIF($B$7:$B$136,'ขาด-ลา-มาสาย'!B69,'ขาด-ลา-มาสาย'!$Q$8:$Q$100) -> 0 | Y68: =SUMIF($B$7:$B$136,'ขาด-ลา-มาสาย'!B69,'ขาด-ลา-มาสาย'!$T$8:$T$100) -> 0 | Z68: =SUMIF($B$7:$B$136,'ขาด-ลา-มาสาย'!B69,'ขาด-ลา-มาสาย'!$W$8:$W$100) -> 0 | AA68: =SUM(U68:Z68) -> 0 | AB68: =T68-AA68 -> 5414038 | AC68: =AB68-200000 -> 5214038 | AD68: =AC68*5% -> 260701.9 | AE68: =AB68-AD68 -> 5153336.1 | AG68: =AE68-AF68 -> 5153336.1 | AH68: PD | AI68: =AE68/680 -> 7578.4354 | AK68: 034-7-02-00-00370 | AL68: =H68 -> 2702000 | AM68: =AA68 -> 0 | AN68: =AL68-AM68 -> 2702000 | AO68: =SUM(I68:S68) -> 2712038 | AP68: =AE68 -> 5153336.1
A69: 63 | B69: MYL202504053 | C69: MISS SOUTSADA SOUTHALIN | D69: 2096593001 | E69: Assembly SAS | F69: ພາຍໃນປະເທດ | G69: 26 | H69: 2600000 | I69: =SUMIF($B$7:$B$175,OT!B70,OT!$S$8:$S$160) -> 93750 | J69: =SUMIF($B$7:$B$136,เงินกะ!B70,เงินกะ!$M$8:$M$100) -> 86250 | L69: 200000 | N69: 250000 | O69: 150000 | P69: 150000 | Q69: 200000 | R69: 350000 | S69: =400000/26*25 -> 384615.38 | T69: =SUM(H69:S69) -> 4464615.4 | U69: 88000 | V69: =SUMIF($B$7:$B$136,'ขาด-ลา-มาสาย'!B70,'ขาด-ลา-มาสาย'!$K$8:$K$100) -> 0 | W69: =SUMIF($B$7:$B$136,'ขาด-ลา-มาสาย'!B70,'ขาด-ลา-มาสาย'!$N$8:$N$100) -> 0 | X69: =SUMIF($B$7:$B$136,'ขาด-ลา-มาสาย'!B70,'ขาด-ลา-มาสาย'!$Q$8:$Q$100) -> 0 | Y69: =SUMIF($B$7:$B$136,'ขาด-ลา-มาสาย'!B70,'ขาด-ลา-มาสาย'!$T$8:$T$100) -> 0 | Z69: =SUMIF($B$7:$B$136,'ขาด-ลา-มาสาย'!B70,'ขาด-ลา-มาสาย'!$W$8:$W$100) -> 0 | AA69: =SUM(U69:Z69) -> 88000 | AB69: =T69-AA69 -> 4376615.4 | AC69: =AB69-200000 -> 4176615.4 | AD69: =AC69*5% -> 208830.77 | AE69: =AB69-AD69 -> 4167784.6 | AG69: =AE69-AF69 -> 4167784.6 | AH69: PD | AI69: =AE69/680 -> 6129.095 | AK69: 030-3-00-00-06589 | AL69: =H69 -> 2600000 | AM69: =AA69 -> 88000 | AN69: =AL69-AM69 -> 2512000 | AO69: =SUM(I69:S69) -> 1864615.4 | AP69: =AE69 -> 4167784.6
A70: 64 | B70: MYL202505080 | C70: MR BOM CHANTHALATH | D70: 2077522028 | E70: Assembly SAS | F70: ພາຍໃນປະເທດ | G70: 26 | H70: 2600000 | I70: =SUMIF($B$7:$B$175,OT!B71,OT!$S$8:$S$160) -> 93750 | J70: =SUMIF($B$7:$B$136,เงินกะ!B71,เงินกะ!$M$8:$M$100) -> 86250 | L70: 200000 | N70: 250000 | O70: 150000 | P70: 150000 | Q70: 200000 | R70: 350000 | S70: 400000 | T70: =SUM(H70:S70) -> 4480000 | V70: =SUMIF($B$7:$B$136,'ขาด-ลา-มาสาย'!B71,'ขาด-ลา-มาสาย'!$K$8:$K$100) -> 0 | W70: =SUMIF($B$7:$B$136,'ขาด-ลา-มาสาย'!B71,'ขาด-ลา-มาสาย'!$N$8:$N$100) -> 0 | X70: =SUMIF($B$7:$B$136,'ขาด-ลา-มาสาย'!B71,'ขาด-ลา-มาสาย'!$Q$8:$Q$100) -> 0 | Y70: =SUMIF($B$7:$B$136,'ขาด-ลา-มาสาย'!B71,'ขาด-ลา-มาสาย'!$T$8:$T$100) -> 0 | Z70: =SUMIF($B$7:$B$136,'ขาด-ลา-มาสาย'!B71,'ขาด-ลา-มาสาย'!$W$8:$W$100) -> 0 | AA70: =SUM(U70:Z70) -> 0 | AB70: =T70-AA70 -> 4480000 | AC70: =AB70-200000 -> 4280000 | AD70: =AC70*5% -> 214000 | AE70: =AB70-AD70 -> 4266000 | AG70: =AE70-AF70 -> 4266000 | AH70: PD | AI70: =AE70/680 -> 6273.5294 | AK70: NO ACCOUNT | AL70: =H70 -> 2600000 | AM70: =AA70 -> 0 | AN70: =AL70-AM70 -> 2600000 | AO70: =SUM(I70:S70) -> 1880000 | AP70: =AE70 -> 4266000
A71: 65 | B71: MYL202505090 | C71: MR SOUKCHAI XAISONGKHARM | D71: 2094049929 | E71: Assembly SAS | F71: ພາຍໃນປະເທດ | G71: 26 | H71: 2500000 | I71: =SUMIF($B$7:$B$175,OT!B72,OT!$S$8:$S$160) -> 0 | J71: =SUMIF($B$7:$B$136,เงินกะ!B72,เงินกะ!$M$8:$M$100) -> 69110.577 | K71: =H71*15%/26*21 -> 302884.62 | L71: 200000 | O71: 150000 | P71: 150000 | Q71: 200000 | R71: 350000 | S71: =400000/26*21 -> 323076.92 | T71: =SUM(H71:S71) -> 4245072.1 | V71: =SUMIF($B$7:$B$136,'ขาด-ลา-มาสาย'!B72,'ขาด-ลา-มาสาย'!$K$8:$K$100) -> 20000 | W71: =SUMIF($B$7:$B$136,'ขาด-ลา-มาสาย'!B72,'ขาด-ลา-มาสาย'!$N$8:$N$100) -> 0 | X71: =SUMIF($B$7:$B$136,'ขาด-ลา-มาสาย'!B72,'ขาด-ลา-มาสาย'!$Q$8:$Q$100) -> 0 | Y71: =SUMIF($B$7:$B$136,'ขาด-ลา-มาสาย'!B72,'ขาด-ลา-มาสาย'!$T$8:$T$100) -> 480769.23 | Z71: =SUMIF($B$7:$B$136,'ขาด-ลา-มาสาย'!B72,'ขาด-ลา-มาสาย'!$W$8:$W$100) -> 0 | AA71: =SUM(U71:Z71) -> 500769.23 | AB71: =T71-AA71 -> 3744302.9 | AC71: =AB71-200000 -> 3544302.9 | AD71: =AC71*5% -> 177215.14 | AE71: =AB71-AD71 -> 3567087.7 | AG71: =AE71-AF71 -> 3567087.7 | AH71: PD | AI71: =AE71/680 -> 5245.7173 | AK71: NO ACCOUNT | AL71: =H71 -> 2500000 | AM71: =AA71 -> 500769.23 | AN71: =AL71-AM71 -> 1999230.8 | AO71: =SUM(I71:S71) -> 1745072.1 | AP71: =AE71 -> 3567087.7
A72: 66 | B72: MYL202606161 | C72: MR PHOUTHASONE SEELIVONGE | D72: 2092862090 | E72: Assembly SAS | F72: ພາຍໃນປະເທດ | G72: 26 | H72: 2500000 | I72: =SUMIF($B$7:$B$175,OT!B73,OT!$S$8:$S$160) -> 0 | J72: =SUMIF($B$7:$B$136,เงินกะ!B73,เงินกะ!$M$8:$M$100) -> 27644.231 | K72: =H72*15%/26*10 -> 144230.77 | O72: =150000/26*10 -> 57692.308 | P72: =150000/26*10 -> 57692.308 | Q72: =200000/26*10 -> 76923.077 | R72: =350000/26*10 -> 134615.38 | S72: =400000/26*10 -> 153846.15 | T72: =SUM(H72:S72) -> 3152644.2 | V72: =SUMIF($B$7:$B$136,'ขาด-ลา-มาสาย'!B73,'ขาด-ลา-มาสาย'!$K$8:$K$100) -> 10000 | W72: =SUMIF($B$7:$B$136,'ขาด-ลา-มาสาย'!B73,'ขาด-ลา-มาสาย'!$N$8:$N$100) -> 0 | X72: =SUMIF($B$7:$B$136,'ขาด-ลา-มาสาย'!B73,'ขาด-ลา-มาสาย'!$Q$8:$Q$100) -> 0 | Y72: =SUMIF($B$7:$B$136,'ขาด-ลา-มาสาย'!B73,'ขาด-ลา-มาสาย'!$T$8:$T$100) -> 192307.69 | Z72: =SUMIF($B$7:$B$136,'ขาด-ลา-มาสาย'!B73,'ขาด-ลา-มาสาย'!$W$8:$W$100) -> 1346153.8 | AA72: =SUM(U72:Z72) -> 1548461.5 | AB72: =T72-AA72 -> 1604182.7 | AC72: =AB72-200000 -> 1404182.7 | AD72: =AC72*5% -> 70209.135 | AE72: =AB72-AD72 -> 1533973.6 | AG72: =AE72-AF72 -> 1533973.6
A73: 67 | B73: MYL202502032 | C73: MR BAIPHONE SYTHALATH | D73: 2092797378 | E73: PACKING | F73: ພາຍໃນປະເທດ | G73: 26 | H73: 2600000 | I73: =SUMIF($B$7:$B$175,OT!B74,OT!$S$8:$S$160) -> 0 | J73: =SUMIF($B$7:$B$136,เงินกะ!B74,เงินกะ!$M$8:$M$100) -> 71875 | K73: 300000 | L73: 200000 | N73: 250000 | O73: 150000 | P73: 150000 | Q73: 200000 | R73: =400000/26*25 -> 384615.38 | S73: =400000/26*25 -> 384615.38 | T73: =SUM(H73:S73) -> 4691105.8 | V73: =SUMIF($B$7:$B$136,'ขาด-ลา-มาสาย'!B74,'ขาด-ลา-มาสาย'!$K$8:$K$100) -> 0 | W73: =SUMIF($B$7:$B$136,'ขาด-ลา-มาสาย'!B74,'ขาด-ลา-มาสาย'!$N$8:$N$100) -> 0 | X73: =SUMIF($B$7:$B$136,'ขาด-ลา-มาสาย'!B74,'ขาด-ลา-มาสาย'!$Q$8:$Q$100) -> 0 | Y73: =SUMIF($B$7:$B$136,'ขาด-ลา-มาสาย'!B74,'ขาด-ลา-มาสาย'!$T$8:$T$100) -> 0 | Z73: =SUMIF($B$7:$B$136,'ขาด-ลา-มาสาย'!B74,'ขาด-ลา-มาสาย'!$W$8:$W$100) -> 0 | AA73: =SUM(U73:Z73) -> 0 | AB73: =T73-AA73 -> 4691105.8 | AC73: =AB73-200000 -> 4491105.8 | AD73: =AC73*5% -> 224555.29 | AE73: =AB73-AD73 -> 4466550.5 | AG73: =AE73-AF73 -> 4466550.5 | AH73: PD | AI73: =AE73/680 -> 6568.4566 | AK73: 030-8-02-00-12406 | AL73: =H73 -> 2600000 | AM73: =AA73 -> 0 | AN73: =AL73-AM73 -> 2600000 | AO73: =SUM(I73:S73) -> 2091105.8 | AP73: =AE73 -> 4466550.5
A74: 68 | B74: MYL202503139 | C74: MR VANHOUDONE PHOMMATHAI | D74: 2094335180 | E74: PACKING | F74: ພາຍໃນປະເທດ | G74: 26 | H74: 2500000 | I74: =SUMIF($B$7:$B$175,OT!B75,OT!$S$8:$S$160) -> 0 | J74: =SUMIF($B$7:$B$136,เงินกะ!B75,เงินกะ!$M$8:$M$100) -> 13822.115 | K74: =300000/26*9 -> 103846.15 | O74: =150000/26*9 -> 51923.077 | P74: =150000/26*9 -> 51923.077 | R74: =400000/26*9 -> 138461.54 | S74: =400000/26*9 -> 138461.54 | T74: =SUM(H74:S74) -> 2998437.5 | V74: =SUMIF($B$7:$B$136,'ขาด-ลา-มาสาย'!B75,'ขาด-ลา-มาสาย'!$K$8:$K$100) -> 0 | W74: =SUMIF($B$7:$B$136,'ขาด-ลา-มาสาย'!B75,'ขาด-ลา-มาสาย'!$N$8:$N$100) -> 0 | X74: =SUMIF($B$7:$B$136,'ขาด-ลา-มาสาย'!B75,'ขาด-ลา-มาสาย'!$Q$8:$Q$100) -> 0 | Y74: =SUMIF($B$7:$B$136,'ขาด-ลา-มาสาย'!B75,'ขาด-ลา-มาสาย'!$T$8:$T$100) -> 673076.92 | Z74: =SUMIF($B$7:$B$136,'ขาด-ลา-มาสาย'!B75,'ขาด-ลา-มาสาย'!$W$8:$W$100) -> 1153846.2 | AA74: =SUM(U74:Z74) -> 1826923.1 | AB74: =T74-AA74 -> 1171514.4 | AC74: =AB74-200000 -> 971514.42 | AD74: =AC74*5% -> 48575.721 | AE74: =AB74-AD74 -> 1122938.7 | AG74: =AE74-AF74 -> 1122938.7 | AH74: PD | AI74: =AE74/680 -> 1651.3804 | AK74: NO ACCOUNT | AL74: =H74 -> 2500000 | AM74: =AA74 -> 1826923.1 | AN74: =AL74-AM74 -> 673076.92 | AO74: =SUM(I74:S74) -> 498437.5 | AP74: =AE74 -> 1122938.7
A75: 69 | B75: MYL000006 | C75: MISS PHONEMANY BANPHACHA | D75: 2099955542 | E75: PACKING | F75: ພາຍໃນປະເທດ | G75: 26 | H75: 3500000 | I75: =SUMIF($B$7:$B$175,OT!B76,OT!$S$8:$S$160) -> 0 | J75: =SUMIF($B$7:$B$136,เงินกะ!B76,เงินกะ!$M$8:$M$100) -> 0 | T75: =SUM(H75:S75) -> 3500000 | V75: =SUMIF($B$7:$B$136,'ขาด-ลา-มาสาย'!B76,'ขาด-ลา-มาสาย'!$K$8:$K$100) -> 0 | W75: =SUMIF($B$7:$B$136,'ขาด-ลา-มาสาย'!B76,'ขาด-ลา-มาสาย'!$N$8:$N$100) -> 0 | X75: =SUMIF($B$7:$B$136,'ขาด-ลา-มาสาย'!B76,'ขาด-ลา-มาสาย'!$Q$8:$Q$100) -> 0 | Y75: =SUMIF($B$7:$B$136,'ขาด-ลา-มาสาย'!B76,'ขาด-ลา-มาสาย'!$T$8:$T$100) -> 0 | Z75: =SUMIF($B$7:$B$136,'ขาด-ลา-มาสาย'!B76,'ขาด-ลา-มาสาย'!$W$8:$W$100) -> 0 | AA75: =SUM(U75:Z75) -> 0 | AB75: =T75-AA75 -> 3500000 | AC75: =AB75-200000 -> 3300000 | AD75: =AC75*5% -> 165000 | AE75: =AB75-AD75 -> 3335000 | AG75: =AE75-AF75 -> 3335000 | AH75: PD | AI75: =AE75/680 -> 4904.4118 | AK75: NO ACCOUNT | AL75: =H75 -> 3500000 | AM75: =AA75 -> 0 | AN75: =AL75-AM75 -> 3500000 | AO75: =SUM(I75:S75) -> 0 | AP75: =AE75 -> 3335000
A76: 70 | B76: MYL000007 | C76: MISS DOUANGDAO BANPHACHA | D76: 2055302407 | E76: PACKING | F76: ພາຍໃນປະເທດ | G76: 26 | H76: 3500000 | I76: =SUMIF($B$7:$B$175,OT!B77,OT!$S$8:$S$160) -> 0 | J76: =SUMIF($B$7:$B$136,เงินกะ!B77,เงินกะ!$M$8:$M$100) -> 0 | T76: =SUM(H76:S76) -> 3500000 | V76: =SUMIF($B$7:$B$136,'ขาด-ลา-มาสาย'!B77,'ขาด-ลา-มาสาย'!$K$8:$K$100) -> 0 | W76: =SUMIF($B$7:$B$136,'ขาด-ลา-มาสาย'!B77,'ขาด-ลา-มาสาย'!$N$8:$N$100) -> 0 | X76: =SUMIF($B$7:$B$136,'ขาด-ลา-มาสาย'!B77,'ขาด-ลา-มาสาย'!$Q$8:$Q$100) -> 0 | Y76: =SUMIF($B$7:$B$136,'ขาด-ลา-มาสาย'!B77,'ขาด-ลา-มาสาย'!$T$8:$T$100) -> 0 | Z76: =SUMIF($B$7:$B$136,'ขาด-ลา-มาสาย'!B77,'ขาด-ลา-มาสาย'!$W$8:$W$100) -> 0 | AA76: =SUM(U76:Z76) -> 0 | AB76: =T76-AA76 -> 3500000 | AC76: =AB76-200000 -> 3300000 | AD76: =AC76*5% -> 165000 | AE76: =AB76-AD76 -> 3335000 | AG76: =AE76-AF76 -> 3335000 | AH76: PD | AI76: =AE76/680 -> 4904.4118 | AK76: NO ACCOUNT | AL76: =H76 -> 3500000 | AM76: =AA76 -> 0 | AN76: =AL76-AM76 -> 3500000 | AO76: =SUM(I76:S76) -> 0 | AP76: =AE76 -> 3335000
A77: 71 | B77: MYL202502007 | C77: MR CHANETHAVISAI PHATTHANA | D77: 2094399366 | E77: STORE TT | F77: ພາຍໃນປະເທດ | G77: 26 | H77: =8000*680.67 -> 5445360 | I77: =SUMIF($B$7:$B$175,OT!B78,OT!$S$8:$S$160) -> 0 | J77: =SUMIF($B$7:$B$136,เงินกะ!B78,เงินกะ!$M$8:$M$100) -> 0 | T77: =SUM(H77:S77) -> 5445360 | V77: =SUMIF($B$7:$B$136,'ขาด-ลา-มาสาย'!B78,'ขาด-ลา-มาสาย'!$K$8:$K$100) -> 0 | W77: =SUMIF($B$7:$B$136,'ขาด-ลา-มาสาย'!B78,'ขาด-ลา-มาสาย'!$N$8:$N$100) -> 0 | X77: =SUMIF($B$7:$B$136,'ขาด-ลา-มาสาย'!B78,'ขาด-ลา-มาสาย'!$Q$8:$Q$100) -> 0 | Y77: =SUMIF($B$7:$B$136,'ขาด-ลา-มาสาย'!B78,'ขาด-ลา-มาสาย'!$T$8:$T$100) -> 0 | Z77: =SUMIF($B$7:$B$136,'ขาด-ลา-มาสาย'!B78,'ขาด-ลา-มาสาย'!$W$8:$W$100) -> 0 | AA77: =SUM(U77:Z77) -> 0 | AB77: =T77-AA77 -> 5445360 | AC77: =AB77-200000 -> 5245360 | AD77: =AC77*5% -> 262268 | AE77: =AB77-AD77 -> 5183092 | AG77: =AE77-AF77 -> 5183092 | AH77: PD | AI77: =AE77/680 -> 7622.1941 | AK77: NO ACCOUNT | AL77: =H77 -> 5445360 | AM77: =AA77 -> 0 | AN77: =AL77-AM77 -> 5445360 | AO77: =SUM(I77:S77) -> 0 | AP77: =AE77 -> 5183092
A78: 72 | B78: MYL202410021 | C78: MISS PANATDA | D78: 2077880077 | E78: STORE TT | F78: ພາຍໃນປະເທດ | G78: 26 | H78: =7200*680.67 -> 4900824 | I78: =SUMIF($B$7:$B$175,OT!B79,OT!$S$8:$S$160) -> 0 | J78: =SUMIF($B$7:$B$136,เงินกะ!B79,เงินกะ!$M$8:$M$100) -> 0 | S78: =200000/26*25 -> 192307.69 | T78: =SUM(H78:S78) -> 5093131.7 | V78: =SUMIF($B$7:$B$136,'ขาด-ลา-มาสาย'!B79,'ขาด-ลา-มาสาย'!$K$8:$K$100) -> 0 | W78: =SUMIF($B$7:$B$136,'ขาด-ลา-มาสาย'!B79,'ขาด-ลา-มาสาย'!$N$8:$N$100) -> 0 | X78: =SUMIF($B$7:$B$136,'ขาด-ลา-มาสาย'!B79,'ขาด-ลา-มาสาย'!$Q$8:$Q$100) -> 0 | Y78: =SUMIF($B$7:$B$136,'ขาด-ลา-มาสาย'!B79,'ขาด-ลา-มาสาย'!$T$8:$T$100) -> 188493.23 | Z78: =SUMIF($B$7:$B$136,'ขาด-ลา-มาสาย'!B79,'ขาด-ลา-มาสาย'!$W$8:$W$100) -> 0 | AA78: =SUM(U78:Z78) -> 188493.23 | AB78: =T78-AA78 -> 4904638.5 | AC78: =AB78-200000 -> 4704638.5 | AD78: =AC78*5% -> 235231.92 | AE78: =AB78-AD78 -> 4669406.5 | AG78: =AE78-AF78 -> 4669406.5 | AH78: PD | AI78: =AE78/680 -> 6866.7743 | AK78: NO ACCOUNT | AL78: =H78 -> 4900824 | AM78: =AA78 -> 188493.23 | AN78: =AL78-AM78 -> 4712330.8 | AO78: =SUM(I78:S78) -> 192307.69 | AP78: =AE78 -> 4669406.5
A79: 73 | B79: MYL202606 | C79: MISS MAION | D79: 2078344522 | E79: Assembly_PTS | F79: ພາຍໃນປະເທດ | G79: 26 | H79: 2500000 | I79: =SUMIF($B$7:$B$175,OT!B80,OT!$S$8:$S$160) -> 0 | J79: =SUMIF($B$7:$B$136,เงินกะ!B80,เงินกะ!$M$8:$M$100) -> 55288.462 | L79: =200000/26*18 -> 138461.54 | N79: =250000/26*18 -> 173076.92 | O79: =150000/26*18 -> 103846.15 | P79: =150000/26*18 -> 103846.15 | Q79: =200000/26*18 -> 138461.54 | R79: 350000 | S79: =400000/26*18 -> 276923.08 | T79: =SUM(H79:S79) -> 3839903.8 | V79: =SUMIF($B$7:$B$136,'ขาด-ลา-มาสาย'!B80,'ขาด-ลา-มาสาย'!$K$8:$K$100) -> 0 | W79: =SUMIF($B$7:$B$136,'ขาด-ลา-มาสาย'!B80,'ขาด-ลา-มาสาย'!$N$8:$N$100) -> 0 | X79: =SUMIF($B$7:$B$136,'ขาด-ลา-มาสาย'!B80,'ขาด-ลา-มาสาย'!$Q$8:$Q$100) -> 0 | Y79: =SUMIF($B$7:$B$136,'ขาด-ลา-มาสาย'!B80,'ขาด-ลา-มาสาย'!$T$8:$T$100) -> 0 | Z79: =SUMIF($B$7:$B$136,'ขาด-ลา-มาสาย'!B80,'ขาด-ลา-มาสาย'!$W$8:$W$100) -> 865384.62 | AA79: =SUM(U79:Z79) -> 865384.62 | AB79: =T79-AA79 -> 2974519.2 | AC79: =AB79-200000 -> 2774519.2 | AD79: =AC79*5% -> 138725.96 | AE79: =AB79-AD79 -> 2835793.3 | AG79: =AE79-AF79 -> 2835793.3 | AH79: PD | AI79: =AE79/680 -> 4170.2842
I80: =SUMIF($B$7:$B$175,OT!B81,OT!$S$8:$S$160) -> 0 | J80: =SUMIF($B$7:$B$136,เงินกะ!B81,เงินกะ!$M$8:$M$100) -> 0 | V80: =SUMIF($B$7:$B$136,'ขาด-ลา-มาสาย'!B81,'ขาด-ลา-มาสาย'!$K$8:$K$100) -> 0 | W80: =SUMIF($B$7:$B$136,'ขาด-ลา-มาสาย'!B81,'ขาด-ลา-มาสาย'!$N$8:$N$100) -> 0 | X80: =SUMIF($B$7:$B$136,'ขาด-ลา-มาสาย'!B81,'ขาด-ลา-มาสาย'!$Q$8:$Q$100) -> 0 | Y80: =SUMIF($B$7:$B$136,'ขาด-ลา-มาสาย'!B81,'ขาด-ลา-มาสาย'!$T$8:$T$100) -> 0 | Z80: =SUMIF($B$7:$B$136,'ขาด-ลา-มาสาย'!B81,'ขาด-ลา-มาสาย'!$W$8:$W$100) -> 0 | AA80: =SUM(U80:Z80) -> 0 | AB80: =T80-AA80 -> 0 | AD80: =AC80*5% -> 0 | AE80: =AB80-AD80 -> 0 | AG80: =AE80-AF80 -> 0
I81: =SUMIF($B$7:$B$175,OT!B82,OT!$S$8:$S$160) -> 0 | J81: =SUMIF($B$7:$B$136,เงินกะ!B82,เงินกะ!$M$8:$M$100) -> 0 | V81: =SUMIF($B$7:$B$136,'ขาด-ลา-มาสาย'!B82,'ขาด-ลา-มาสาย'!$K$8:$K$100) -> 0 | W81: =SUMIF($B$7:$B$136,'ขาด-ลา-มาสาย'!B82,'ขาด-ลา-มาสาย'!$N$8:$N$100) -> 0 | X81: =SUMIF($B$7:$B$136,'ขาด-ลา-มาสาย'!B82,'ขาด-ลา-มาสาย'!$Q$8:$Q$100) -> 0 | Y81: =SUMIF($B$7:$B$136,'ขาด-ลา-มาสาย'!B82,'ขาด-ลา-มาสาย'!$T$8:$T$100) -> 0 | Z81: =SUMIF($B$7:$B$136,'ขาด-ลา-มาสาย'!B82,'ขาด-ลา-มาสาย'!$W$8:$W$100) -> 0 | AA81: =SUM(U81:Z81) -> 0 | AB81: =T81-AA81 -> 0 | AD81: =AC81*5% -> 0 | AE81: =AB81-AD81 -> 0 | AG81: =AE81-AF81 -> 0
I82: =SUMIF($B$7:$B$175,OT!B83,OT!$S$8:$S$160) -> 0 | J82: =SUMIF($B$7:$B$136,เงินกะ!B83,เงินกะ!$M$8:$M$100) -> 0 | V82: =SUMIF($B$7:$B$136,'ขาด-ลา-มาสาย'!B83,'ขาด-ลา-มาสาย'!$K$8:$K$100) -> 0 | W82: =SUMIF($B$7:$B$136,'ขาด-ลา-มาสาย'!B83,'ขาด-ลา-มาสาย'!$N$8:$N$100) -> 0 | X82: =SUMIF($B$7:$B$136,'ขาด-ลา-มาสาย'!B83,'ขาด-ลา-มาสาย'!$Q$8:$Q$100) -> 0 | Y82: =SUMIF($B$7:$B$136,'ขาด-ลา-มาสาย'!B83,'ขาด-ลา-มาสาย'!$T$8:$T$100) -> 0 | Z82: =SUMIF($B$7:$B$136,'ขาด-ลา-มาสาย'!B83,'ขาด-ลา-มาสาย'!$W$8:$W$100) -> 0 | AA82: =SUM(U82:Z82) -> 0 | AB82: =T82-AA82 -> 0 | AD82: =AC82*5% -> 0 | AE82: =AB82-AD82 -> 0 | AG82: =AE82-AF82 -> 0
I83: =SUMIF($B$7:$B$175,OT!B84,OT!$S$8:$S$160) -> 0 | J83: =SUMIF($B$7:$B$136,เงินกะ!B84,เงินกะ!$M$8:$M$100) -> 0 | V83: =SUMIF($B$7:$B$136,'ขาด-ลา-มาสาย'!B84,'ขาด-ลา-มาสาย'!$K$8:$K$100) -> 0 | W83: =SUMIF($B$7:$B$136,'ขาด-ลา-มาสาย'!B84,'ขาด-ลา-มาสาย'!$N$8:$N$100) -> 0 | X83: =SUMIF($B$7:$B$136,'ขาด-ลา-มาสาย'!B84,'ขาด-ลา-มาสาย'!$Q$8:$Q$100) -> 0 | Y83: =SUMIF($B$7:$B$136,'ขาด-ลา-มาสาย'!B84,'ขาด-ลา-มาสาย'!$T$8:$T$100) -> 0 | Z83: =SUMIF($B$7:$B$136,'ขาด-ลา-มาสาย'!B84,'ขาด-ลา-มาสาย'!$W$8:$W$100) -> 0 | AA83: =SUM(U83:Z83) -> 0 | AB83: =T83-AA83 -> 0 | AD83: =AC83*5% -> 0 | AE83: =AB83-AD83 -> 0 | AG83: =AE83-AF83 -> 0
I84: =SUMIF($B$7:$B$175,OT!B85,OT!$S$8:$S$160) -> 0 | J84: =SUMIF($B$7:$B$136,เงินกะ!B85,เงินกะ!$M$8:$M$100) -> 0 | V84: =SUMIF($B$7:$B$136,'ขาด-ลา-มาสาย'!B85,'ขาด-ลา-มาสาย'!$K$8:$K$100) -> 0 | W84: =SUMIF($B$7:$B$136,'ขาด-ลา-มาสาย'!B85,'ขาด-ลา-มาสาย'!$N$8:$N$100) -> 0 | X84: =SUMIF($B$7:$B$136,'ขาด-ลา-มาสาย'!B85,'ขาด-ลา-มาสาย'!$Q$8:$Q$100) -> 0 | Y84: =SUMIF($B$7:$B$136,'ขาด-ลา-มาสาย'!B85,'ขาด-ลา-มาสาย'!$T$8:$T$100) -> 0 | Z84: =SUMIF($B$7:$B$136,'ขาด-ลา-มาสาย'!B85,'ขาด-ลา-มาสาย'!$W$8:$W$100) -> 0 | AA84: =SUM(U84:Z84) -> 0 | AB84: =T84-AA84 -> 0 | AD84: =AC84*5% -> 0 | AE84: =AB84-AD84 -> 0 | AG84: =AE84-AF84 -> 0
I85: =SUMIF($B$7:$B$175,OT!B86,OT!$S$8:$S$160) -> 0 | J85: =SUMIF($B$7:$B$136,เงินกะ!B86,เงินกะ!$M$8:$M$100) -> 0 | V85: =SUMIF($B$7:$B$136,'ขาด-ลา-มาสาย'!B86,'ขาด-ลา-มาสาย'!$K$8:$K$100) -> 0 | W85: =SUMIF($B$7:$B$136,'ขาด-ลา-มาสาย'!B86,'ขาด-ลา-มาสาย'!$N$8:$N$100) -> 0 | X85: =SUMIF($B$7:$B$136,'ขาด-ลา-มาสาย'!B86,'ขาด-ลา-มาสาย'!$Q$8:$Q$100) -> 0 | Y85: =SUMIF($B$7:$B$136,'ขาด-ลา-มาสาย'!B86,'ขาด-ลา-มาสาย'!$T$8:$T$100) -> 0 | Z85: =SUMIF($B$7:$B$136,'ขาด-ลา-มาสาย'!B86,'ขาด-ลา-มาสาย'!$W$8:$W$100) -> 0 | AA85: =SUM(U85:Z85) -> 0 | AB85: =T85-AA85 -> 0 | AD85: =AC85*5% -> 0 | AE85: =AB85-AD85 -> 0 | AG85: =AE85-AF85 -> 0
I86: =SUMIF($B$7:$B$175,OT!B87,OT!$S$8:$S$160) -> 0 | J86: =SUMIF($B$7:$B$136,เงินกะ!B87,เงินกะ!$M$8:$M$100) -> 0 | V86: =SUMIF($B$7:$B$136,'ขาด-ลา-มาสาย'!B87,'ขาด-ลา-มาสาย'!$K$8:$K$100) -> 0 | W86: =SUMIF($B$7:$B$136,'ขาด-ลา-มาสาย'!B87,'ขาด-ลา-มาสาย'!$N$8:$N$100) -> 0 | X86: =SUMIF($B$7:$B$136,'ขาด-ลา-มาสาย'!B87,'ขาด-ลา-มาสาย'!$Q$8:$Q$100) -> 0 | Y86: =SUMIF($B$7:$B$136,'ขาด-ลา-มาสาย'!B87,'ขาด-ลา-มาสาย'!$T$8:$T$100) -> 0 | Z86: =SUMIF($B$7:$B$136,'ขาด-ลา-มาสาย'!B87,'ขาด-ลา-มาสาย'!$W$8:$W$100) -> 0 | AA86: =SUM(U86:Z86) -> 0 | AB86: =T86-AA86 -> 0 | AD86: =AC86*5% -> 0 | AE86: =AB86-AD86 -> 0 | AG86: =AE86-AF86 -> 0
I87: =SUMIF($B$7:$B$175,OT!B88,OT!$S$8:$S$160) -> 0 | J87: =SUMIF($B$7:$B$136,เงินกะ!B88,เงินกะ!$M$8:$M$100) -> 0 | V87: =SUMIF($B$7:$B$136,'ขาด-ลา-มาสาย'!B88,'ขาด-ลา-มาสาย'!$K$8:$K$100) -> 0 | W87: =SUMIF($B$7:$B$136,'ขาด-ลา-มาสาย'!B88,'ขาด-ลา-มาสาย'!$N$8:$N$100) -> 0 | X87: =SUMIF($B$7:$B$136,'ขาด-ลา-มาสาย'!B88,'ขาด-ลา-มาสาย'!$Q$8:$Q$100) -> 0 | Y87: =SUMIF($B$7:$B$136,'ขาด-ลา-มาสาย'!B88,'ขาด-ลา-มาสาย'!$T$8:$T$100) -> 0 | Z87: =SUMIF($B$7:$B$136,'ขาด-ลา-มาสาย'!B88,'ขาด-ลา-มาสาย'!$W$8:$W$100) -> 0 | AA87: =SUM(U87:Z87) -> 0 | AB87: =T87-AA87 -> 0 | AD87: =AC87*5% -> 0 | AE87: =AB87-AD87 -> 0 | AG87: =AE87-AF87 -> 0
I88: =SUMIF($B$7:$B$175,OT!B89,OT!$S$8:$S$160) -> 0 | J88: =SUMIF($B$7:$B$136,เงินกะ!B89,เงินกะ!$M$8:$M$100) -> 0 | V88: =SUMIF($B$7:$B$136,'ขาด-ลา-มาสาย'!B89,'ขาด-ลา-มาสาย'!$K$8:$K$100) -> 0 | W88: =SUMIF($B$7:$B$136,'ขาด-ลา-มาสาย'!B89,'ขาด-ลา-มาสาย'!$N$8:$N$100) -> 0 | X88: =SUMIF($B$7:$B$136,'ขาด-ลา-มาสาย'!B89,'ขาด-ลา-มาสาย'!$Q$8:$Q$100) -> 0 | Y88: =SUMIF($B$7:$B$136,'ขาด-ลา-มาสาย'!B89,'ขาด-ลา-มาสาย'!$T$8:$T$100) -> 0 | Z88: =SUMIF($B$7:$B$136,'ขาด-ลา-มาสาย'!B89,'ขาด-ลา-มาสาย'!$W$8:$W$100) -> 0 | AA88: =SUM(U88:Z88) -> 0 | AB88: =T88-AA88 -> 0 | AD88: =AC88*5% -> 0 | AE88: =AB88-AD88 -> 0 | AG88: =AE88-AF88 -> 0
V89: =SUMIF($B$7:$B$136,'ขาด-ลา-มาสาย'!B90,'ขาด-ลา-มาสาย'!$K$8:$K$100) -> 0 | W89: =SUMIF($B$7:$B$136,'ขาด-ลา-มาสาย'!B90,'ขาด-ลา-มาสาย'!$N$8:$N$100) -> 0 | X89: =SUMIF($B$7:$B$136,'ขาด-ลา-มาสาย'!B90,'ขาด-ลา-มาสาย'!$Q$8:$Q$100) -> 0 | Y89: =SUMIF($B$7:$B$136,'ขาด-ลา-มาสาย'!B90,'ขาด-ลา-มาสาย'!$T$8:$T$100) -> 0 | Z89: =SUMIF($B$7:$B$136,'ขาด-ลา-มาสาย'!B90,'ขาด-ลา-มาสาย'!$W$8:$W$100) -> 0 | AA89: =SUM(U89:Z89) -> 0 | AB89: =T89-AA89 -> 0 | AD89: =AC89*5% -> 0 | AE89: =AB89-AD89 -> 0 | AG89: =AE89-AF89 -> 0
V90: =SUMIF($B$7:$B$136,'ขาด-ลา-มาสาย'!B91,'ขาด-ลา-มาสาย'!$K$8:$K$100) -> 0 | W90: =SUMIF($B$7:$B$136,'ขาด-ลา-มาสาย'!B91,'ขาด-ลา-มาสาย'!$N$8:$N$100) -> 0 | X90: =SUMIF($B$7:$B$136,'ขาด-ลา-มาสาย'!B91,'ขาด-ลา-มาสาย'!$Q$8:$Q$100) -> 0 | Y90: =SUMIF($B$7:$B$136,'ขาด-ลา-มาสาย'!B91,'ขาด-ลา-มาสาย'!$T$8:$T$100) -> 0 | Z90: =SUMIF($B$7:$B$136,'ขาด-ลา-มาสาย'!B91,'ขาด-ลา-มาสาย'!$W$8:$W$100) -> 0 | AA90: =SUM(U90:Z90) -> 0 | AB90: =T90-AA90 -> 0 | AD90: =AC90*5% -> 0 | AE90: =AB90-AD90 -> 0 | AG90: =AE90-AF90 -> 0
V91: =SUMIF($B$7:$B$136,'ขาด-ลา-มาสาย'!B92,'ขาด-ลา-มาสาย'!$K$8:$K$100) -> 0 | W91: =SUMIF($B$7:$B$136,'ขาด-ลา-มาสาย'!B92,'ขาด-ลา-มาสาย'!$N$8:$N$100) -> 0 | X91: =SUMIF($B$7:$B$136,'ขาด-ลา-มาสาย'!B92,'ขาด-ลา-มาสาย'!$Q$8:$Q$100) -> 0 | Y91: =SUMIF($B$7:$B$136,'ขาด-ลา-มาสาย'!B92,'ขาด-ลา-มาสาย'!$T$8:$T$100) -> 0 | Z91: =SUMIF($B$7:$B$136,'ขาด-ลา-มาสาย'!B92,'ขาด-ลา-มาสาย'!$W$8:$W$100) -> 0 | AA91: =SUM(U91:Z91) -> 0 | AB91: =T91-AA91 -> 0 | AD91: =AC91*5% -> 0 | AE91: =AB91-AD91 -> 0 | AG91: =AE91-AF91 -> 0
V92: =SUMIF($B$7:$B$136,'ขาด-ลา-มาสาย'!B93,'ขาด-ลา-มาสาย'!$K$8:$K$100) -> 0 | W92: =SUMIF($B$7:$B$136,'ขาด-ลา-มาสาย'!B93,'ขาด-ลา-มาสาย'!$N$8:$N$100) -> 0 | X92: =SUMIF($B$7:$B$136,'ขาด-ลา-มาสาย'!B93,'ขาด-ลา-มาสาย'!$Q$8:$Q$100) -> 0 | Y92: =SUMIF($B$7:$B$136,'ขาด-ลา-มาสาย'!B93,'ขาด-ลา-มาสาย'!$T$8:$T$100) -> 0 | Z92: =SUMIF($B$7:$B$136,'ขาด-ลา-มาสาย'!B93,'ขาด-ลา-มาสาย'!$W$8:$W$100) -> 0 | AA92: =SUM(U92:Z92) -> 0 | AB92: =T92-AA92 -> 0 | AD92: =AC92*5% -> 0 | AE92: =AB92-AD92 -> 0 | AG92: =AE92-AF92 -> 0
V93: =SUMIF($B$7:$B$136,'ขาด-ลา-มาสาย'!B94,'ขาด-ลา-มาสาย'!$K$8:$K$100) -> 0 | W93: =SUMIF($B$7:$B$136,'ขาด-ลา-มาสาย'!B94,'ขาด-ลา-มาสาย'!$N$8:$N$100) -> 0 | X93: =SUMIF($B$7:$B$136,'ขาด-ลา-มาสาย'!B94,'ขาด-ลา-มาสาย'!$Q$8:$Q$100) -> 0 | Y93: =SUMIF($B$7:$B$136,'ขาด-ลา-มาสาย'!B94,'ขาด-ลา-มาสาย'!$T$8:$T$100) -> 0 | Z93: =SUMIF($B$7:$B$136,'ขาด-ลา-มาสาย'!B94,'ขาด-ลา-มาสาย'!$W$8:$W$100) -> 0 | AA93: =SUM(U93:Z93) -> 0 | AB93: =T93-AA93 -> 0 | AD93: =AC93*5% -> 0 | AE93: =AB93-AD93 -> 0 | AG93: =AE93-AF93 -> 0
V94: =SUMIF($B$7:$B$136,'ขาด-ลา-มาสาย'!B95,'ขาด-ลา-มาสาย'!$K$8:$K$100) -> 0 | W94: =SUMIF($B$7:$B$136,'ขาด-ลา-มาสาย'!B95,'ขาด-ลา-มาสาย'!$N$8:$N$100) -> 0 | X94: =SUMIF($B$7:$B$136,'ขาด-ลา-มาสาย'!B95,'ขาด-ลา-มาสาย'!$Q$8:$Q$100) -> 0 | Y94: =SUMIF($B$7:$B$136,'ขาด-ลา-มาสาย'!B95,'ขาด-ลา-มาสาย'!$T$8:$T$100) -> 0 | Z94: =SUMIF($B$7:$B$136,'ขาด-ลา-มาสาย'!B95,'ขาด-ลา-มาสาย'!$W$8:$W$100) -> 0 | AA94: =SUM(U94:Z94) -> 0 | AB94: =T94-AA94 -> 0 | AD94: =AC94*5% -> 0 | AE94: =AB94-AD94 -> 0 | AG94: =AE94-AF94 -> 0
V95: =SUMIF($B$7:$B$136,'ขาด-ลา-มาสาย'!B96,'ขาด-ลา-มาสาย'!$K$8:$K$100) -> 0 | W95: =SUMIF($B$7:$B$136,'ขาด-ลา-มาสาย'!B96,'ขาด-ลา-มาสาย'!$N$8:$N$100) -> 0 | X95: =SUMIF($B$7:$B$136,'ขาด-ลา-มาสาย'!B96,'ขาด-ลา-มาสาย'!$Q$8:$Q$100) -> 0 | Y95: =SUMIF($B$7:$B$136,'ขาด-ลา-มาสาย'!B96,'ขาด-ลา-มาสาย'!$T$8:$T$100) -> 0 | Z95: =SUMIF($B$7:$B$136,'ขาด-ลา-มาสาย'!B96,'ขาด-ลา-มาสาย'!$W$8:$W$100) -> 0 | AA95: =SUM(U95:Z95) -> 0 | AB95: =T95-AA95 -> 0 | AD95: =AC95*5% -> 0 | AE95: =AB95-AD95 -> 0 | AG95: =AE95-AF95 -> 0
V96: =SUMIF($B$7:$B$136,'ขาด-ลา-มาสาย'!B97,'ขาด-ลา-มาสาย'!$K$8:$K$100) -> 0 | W96: =SUMIF($B$7:$B$136,'ขาด-ลา-มาสาย'!B97,'ขาด-ลา-มาสาย'!$N$8:$N$100) -> 0 | X96: =SUMIF($B$7:$B$136,'ขาด-ลา-มาสาย'!B97,'ขาด-ลา-มาสาย'!$Q$8:$Q$100) -> 0 | Y96: =SUMIF($B$7:$B$136,'ขาด-ลา-มาสาย'!B97,'ขาด-ลา-มาสาย'!$T$8:$T$100) -> 0 | Z96: =SUMIF($B$7:$B$136,'ขาด-ลา-มาสาย'!B97,'ขาด-ลา-มาสาย'!$W$8:$W$100) -> 0 | AA96: =SUM(U96:Z96) -> 0 | AB96: =T96-AA96 -> 0 | AD96: =AC96*5% -> 0 | AE96: =AB96-AD96 -> 0 | AG96: =AE96-AF96 -> 0
T97: =SUM(H97:S97) -> 0 | V97: =SUMIF($B$7:$B$136,'ขาด-ลา-มาสาย'!B98,'ขาด-ลา-มาสาย'!$K$8:$K$100) -> 0 | W97: =SUMIF($B$7:$B$136,'ขาด-ลา-มาสาย'!B98,'ขาด-ลา-มาสาย'!$N$8:$N$100) -> 0 | X97: =SUMIF($B$7:$B$136,'ขาด-ลา-มาสาย'!B98,'ขาด-ลา-มาสาย'!$Q$8:$Q$100) -> 0 | Y97: =SUMIF($B$7:$B$136,'ขาด-ลา-มาสาย'!B98,'ขาด-ลา-มาสาย'!$T$8:$T$100) -> 0 | Z97: =SUMIF($B$7:$B$136,'ขาด-ลา-มาสาย'!B98,'ขาด-ลา-มาสาย'!$W$8:$W$100) -> 0 | AA97: =SUM(U97:Z97) -> 0 | AB97: =T97-AA97 -> 0 | AD97: =AC97*5% -> 0 | AE97: =AB97-AD97 -> 0 | AG97: =AE97-AF97 -> 0 | AI97: 0 | AL97: =H97 -> 0 | AM97: =AA97 -> 0 | AN97: =AL97-AM97 -> 0 | AO97: =SUM(I97:S97) -> 0 | AP97: =AE97 -> 0
C99: Grand Total | G99: =SUBTOTAL(109,G7:G98) -> 1898 | H99: =SUBTOTAL(109,H7:H98) -> 4.2564243e+08 | I99: =SUBTOTAL(109,I7:I98) -> 623329.33 | J99: =SUBTOTAL(109,J7:J98) -> 3407674.8 | K99: =SUBTOTAL(109,K7:K98) -> 10054119 | L99: =SUBTOTAL(109,L7:L98) -> 6584615.4 | M99: =SUBTOTAL(109,M7:M98) -> 0 | N99: =SUBTOTAL(109,N7:N98) -> 5580769.2 | ... AI99: =SUBTOTAL(109,AI7:AI98) -> 750365.54 | AL99: =SUM(AL1:AL98) -> 4.0964243e+08 | AM99: =SUM(AM1:AM98) -> 13649609 | AN99: =SUM(AN1:AN98) -> 3.9599282e+08 | AO99: =SUM(AO1:AO98) -> 1.4069355e+08
AD101: 330265700 | AE101: =+AE7/680.67 -> 95000 | AG101: =+AE7+AE8+AE9+AE10+AE19+AE22+AE77+AE78 -> 2.0970557e+08
AD102: 3000000 | AE102: =+AE8/680.67 -> 19000
AD103: =SUM(AD101:AD102) -> 333265700 | AE103: =+AE9/680.67 -> 95014.691 | AG103: =+AE99-AG101 -> 3.1634075e+08
...

Sheet OT
L1: ສາທາລະນະລັດ ປະຊາທິປະໄຕ ປະຊາຊົນລາວ
L2: ສັນຕິພາບ ເອກະລາດ ປະຊາທິປະໄຕ ເອກະພາບ ວັດຖະນາຖາວອນ
A3: ເຂດເສດຖະກິດພີເສດ ສະຫວັນ-ເຊໂນ | L3: >>>>>>>>000000<<<<<<<<<<
A4: ບໍລິສັດ ມີຢາໂມໂຕ ລາວ ຈຳກັດຜູ້ດຽວ
A5: ໂທລະສັບ :+8562023333500 | L5: ຕາຕະລາງຄິດໄລ່ເງິນ ໂອທີ ພະນັກງານ
L6: ປະຈຳວັນ ເດືອນ 06/2026
A7: ລ/ດ No. | B7: ລະຫັດພງ Emplyee ID | C7: ຊື່ ແລະ ນາສະກຸນ Name and Surname | D7: Telephone | E7: ຕຳແໜ່ງ Position | F7: ສັນຊາດ | G7: Days | H7: ເງິນເດືອນພື້ນຖານ Basic Salary | I7: ຄິດເປັນເງິນຕໍ່ 1ຊົວໂມງ | J7: ວັນຈັນ-ສຸກ 1.5 | K7: ຈຳນວນ ຊົວໂມງ | L7: ລວມເງິນ | M7: ວັນເສົາ 2 | N7: ຈຳນວນ ຊົວໂມງ | O7: ລວມເງິນ | P7: ວັນອາທີດ 2.5 | Q7: ຈຳນວນຊົວໂມງ | R7: ລວມເງິນ | S7: ລວມເງິນທັງໜົດ | T7: ອາກອນ 5% | U7: ລວມຈຳນວນເງິນ | V7: ເຊັນຮັບເງິນ
A8: 1 | B8: {=_xlfn._xlws.FILTER(TAX!$B$7:$H$98,TAX!H7:H98,TAX!$F$7:$F$98)} -> MYL000001 | C8: MR PHICHAI EIAMWATTANASILP | D8: 66617893562 | E8: Director | F8: ຕ່າງປະເທດ | G8: 26 | H8: 68067000 | I8: =H8/G8/8 -> 327245.19 | J8: =I8*1.5 -> 490867.79 | L8: =J8*K8 -> 0 | M8: =I8*2 -> 654490.38 | O8: =M8*N8 -> 0 | P8: =I8*2.5 -> 818112.98 | R8: =P8*Q8 -> 0 | S8: =L8+O8+R8 -> 0
A9: 2 | B9: MYL000005 | C9: MR WEERASIT LEEGCHOUR | D9: 2098388245 | E9: Deputy director 04 | F9: ຕ່າງປະເທດ | G9: 26 | H9: 13613400 | I9: =H9/G9/8 -> 65449.038 | J9: =I9*1.5 -> 98173.558 | L9: =J9*K9 -> 0 | M9: =I9*2 -> 130898.08 | O9: =M9*N9 -> 0 | P9: =I9*2.5 -> 163622.6 | R9: =P9*Q9 -> 0 | S9: =L9+O9+R9 -> 0
A10: 3 | B10: MYL000002 | C10: MRS Boualavanh BANPHACHA | D10: 2023333500 | E10: Deputy director 01 | F10: ພາຍໃນປະເທດ | G10: 26 | H10: 68067000 | I10: =H10/G10/8 -> 327245.19 | J10: =I10*1.5 -> 490867.79 | L10: =J10*K10 -> 0 | M10: =I10*2 -> 654490.38 | O10: =M10*N10 -> 0 | P10: =I10*2.5 -> 818112.98 | R10: =P10*Q10 -> 0 | S10: =L10+O10+R10 -> 0
A11: 4 | B11: MYL000003 | C11: MRS DATSANY BANPHAXA | D11: 2023333800 | E11: Deputy director 02 | F11: ພາຍໃນປະເທດ | G11: 26 | H11: 27226800 | I11: =H11/G11/8 -> 130898.08 | J11: =I11*1.5 -> 196347.12 | L11: =J11*K11 -> 0 | M11: =I11*2 -> 261796.15 | O11: =M11*N11 -> 0 | P11: =I11*2.5 -> 327245.19 | R11: =P11*Q11 -> 0 | S11: =L11+O11+R11 -> 0
A12: 5 | B12: MYL000004 | C12: MISS BOUAVONE VANGVONGXAI | D12: 2076198111 | E12: Deputy director 03 | F12: ພາຍໃນປະເທດ | G12: 26 | H12: 13000000 | I12: =H12/G12/8 -> 62500 | J12: =I12*1.5 -> 93750 | L12: =J12*K12 -> 0 | M12: =I12*2 -> 125000 | O12: =M12*N12 -> 0 | P12: =I12*2.5 -> 156250 | R12: =P12*Q12 -> 0 | S12: =L12+O12+R12 -> 0
A13: 6 | B13: MYL202210001 | C13: MR ANOUSACK THAMMAVONG | D13: 2077772708 | E13: Accounting | F13: ພາຍໃນປະເທດ | G13: 26 | H13: 10000000 | I13: =H13/G13/8 -> 48076.923 | J13: =I13*1.5 -> 72115.385 | L13: =J13*K13 -> 0 | M13: =I13*2 -> 96153.846 | O13: =M13*N13 -> 0 | P13: =I13*2.5 -> 120192.31 | R13: =P13*Q13 -> 0 | S13: =L13+O13+R13 -> 0
A14: 7 | B14: MYL202001001 | C14: MR SONESAVANH PHENGPHINIT | D14: 02092539860 | E14: Accounting | F14: ພາຍໃນປະເທດ | G14: 26 | H14: 6832000 | I14: =H14/G14/8 -> 32846.154 | J14: =I14*1.5 -> 49269.231 | L14: =J14*K14 -> 0 | M14: =I14*2 -> 65692.308 | O14: =M14*N14 -> 0 | P14: =I14*2.5 -> 82115.385 | R14: =P14*Q14 -> 0 | S14: =L14+O14+R14 -> 0
A15: 8 | B15: MYL202408005 | C15: MISS CHANSAMONE PHANTHALAVONG | D15: 2099701293 | E15: Planning | F15: ພາຍໃນປະເທດ | G15: 26 | H15: 6000000 | I15: =H15/G15/8 -> 28846.154 | J15: =I15*1.5 -> 43269.231 | L15: =J15*K15 -> 0 | M15: =I15*2 -> 57692.308 | O15: =M15*N15 -> 0 | P15: =I15*2.5 -> 72115.385 | R15: =P15*Q15 -> 0 | S15: =L15+O15+R15 -> 0
A16: 9 | B16: MYT202602136 | C16: MRS BOUANGUEN SOMCHANMAVONG | D16: 2056516668 | E16: Planning | F16: ພາຍໃນປະເທດ | G16: 26 | H16: 4500000 | I16: =H16/G16/8 -> 21634.615 | J16: =I16*1.5 -> 32451.923 | L16: =J16*K16 -> 0 | M16: =I16*2 -> 43269.231 | O16: =M16*N16 -> 0 | P16: =I16*2.5 -> 54086.538 | R16: =P16*Q16 -> 0 | S16: =L16+O16+R16 -> 0
A17: 10 | B17: MYL202606153 | C17: MR SEUAPA XAIYAVONG | D17: 2078150776 | E17: Planning | F17: ພາຍໃນປະເທດ | G17: 26 | H17: 3500000 | I17: =H17/G17/8 -> 16826.923 | J17: =I17*1.5 -> 25240.385 | L17: =J17*K17 -> 0 | M17: =I17*2 -> 33653.846 | O17: =M17*N17 -> 0 | P17: =I17*2.5 -> 42067.308 | R17: =P17*Q17 -> 0 | S17: =L17+O17+R17 -> 0
A18: 11 | B18: MYL202604144 | C18: MISS PHOSEE KIANGLANOUSIN | D18: 2076861520 | E18: OFFICE | F18: ພາຍໃນປະເທດ | G18: 26 | H18: 3500000 | I18: =H18/G18/8 -> 16826.923 | J18: =I18*1.5 -> 25240.385 | L18: =J18*K18 -> 0 | M18: =I18*2 -> 33653.846 | O18: =M18*N18 -> 0 | P18: =I18*2.5 -> 42067.308 | R18: =P18*Q18 -> 0 | S18: =L18+O18+R18 -> 0
A19: 12 | B19: MYL201908010 | C19: MR SAYSAMPHAN MANEEBOTH | D19: 2097545680 | E19: Logistic Staff | F19: ພາຍໃນປະເທດ | G19: 26 | H19: 5000000 | I19: =H19/G19/8 -> 24038.462 | J19: =I19*1.5 -> 36057.692 | L19: =J19*K19 -> 0 | M19: =I19*2 -> 48076.923 | O19: =M19*N19 -> 0 | P19: =I19*2.5 -> 60096.154 | R19: =P19*Q19 -> 0 | S19: =L19+O19+R19 -> 0
A20: 13 | B20: MYL202001036 | C20: MISS JINDA BANPHACHA | D20: 2092416077 | E20: Audit | F20: ພາຍໃນປະເທດ | G20: 26 | H20: 10550385 | I20: =H20/G20/8 -> 50723.005 | J20: =I20*1.5 -> 76084.507 | L20: =J20*K20 -> 0 | M20: =I20*2 -> 101446.01 | O20: =M20*N20 -> 0 | P20: =I20*2.5 -> 126807.51 | R20: =P20*Q20 -> 0 | S20: =L20+O20+R20 -> 0
A21: 14 | B21: MYL201908016 | C21: MR AMMALIN | D21: 2023332299 | E21: Production manager 02 | F21: ພາຍໃນປະເທດ | G21: 26 | H21: 5000000 | I21: =H21/G21/8 -> 24038.462 | J21: =I21*1.5 -> 36057.692 | L21: =J21*K21 -> 0 | M21: =I21*2 -> 48076.923 | O21: =M21*N21 -> 0 | P21: =I21*2.5 -> 60096.154 | R21: =P21*Q21 -> 0 | S21: =L21+O21+R21 -> 0
A22: 15 | B22: MYL202001049 | C22: MR BOUNPON | D22: 2078916853 | E22: Production manager 02 | F22: ພາຍໃນປະເທດ | G22: 26 | H22: 4000000 | I22: =H22/G22/8 -> 19230.769 | J22: =I22*1.5 -> 28846.154 | L22: =J22*K22 -> 0 | M22: =I22*2 -> 38461.538 | O22: =M22*N22 -> 0 | P22: =I22*2.5 -> 48076.923 | R22: =P22*Q22 -> 0 | S22: =L22+O22+R22 -> 0
A23: 16 | B23: MYL000009 | C23: MR SONE | D23: 0 | E23: Security Staff | F23: ພາຍໃນປະເທດ | G23: 26 | H23: 10550385 | I23: =H23/G23/8 -> 50723.005 | J23: =I23*1.5 -> 76084.507 | L23: =J23*K23 -> 0 | M23: =I23*2 -> 101446.01 | O23: =M23*N23 -> 0 | P23: =I23*2.5 -> 126807.51 | R23: =P23*Q23 -> 0 | S23: =L23+O23+R23 -> 0
A24: 17 | B24: MYL202401027 | C24: MRS NIK CHANTHANET | D24: 2056339678 | E24: Maid Staff | F24: ພາຍໃນປະເທດ | G24: 26 | H24: 2702000 | I24: =H24/G24/8 -> 12990.385 | J24: =I24*1.5 -> 19485.577 | L24: =J24*K24 -> 0 | M24: =I24*2 -> 25980.769 | O24: =M24*N24 -> 0 | P24: =I24*2.5 -> 32475.962 | R24: =P24*Q24 -> 0 | S24: =L24+O24+R24 -> 0
A25: 18 | B25: MYL201908028 | C25: MR TERY KHAMKOUNA | D25: 02059103026 | E25: Engineering | F25: ພາຍໃນປະເທດ | G25: 26 | H25: 5000000 | I25: =H25/G25/8 -> 24038.462 | J25: =I25*1.5 -> 36057.692 | L25: =J25*K25 -> 0 | M25: =I25*2 -> 48076.923 | O25: =M25*N25 -> 0 | P25: =I25*2.5 -> 60096.154 | R25: =P25*Q25 -> 0 | S25: =L25+O25+R25 -> 0
A26: 19 | B26: MYL202507076 | C26: MR XAYSONGKHAM SOMSANITH | D26: 2056211706 | E26: Engineering | F26: ພາຍໃນປະເທດ | G26: 26 | H26: 4500000 | I26: =H26/G26/8 -> 21634.615 | J26: =I26*1.5 -> 32451.923 | L26: =J26*K26 -> 0 | M26: =I26*2 -> 43269.231 | O26: =M26*N26 -> 0 | P26: =I26*2.5 -> 54086.538 | R26: =P26*Q26 -> 0 | S26: =L26+O26+R26 -> 0
A27: 20 | B27: MYL201908026 | C27: MR SONGKAN PHACHANSITTHI | D27: 2054612045 | E27: QC Manager 02 | F27: ພາຍໃນປະເທດ | G27: 26 | H27: 4000000 | I27: =H27/G27/8 -> 19230.769 | J27: =I27*1.5 -> 28846.154 | L27: =J27*K27 -> 0 | M27: =I27*2 -> 38461.538 | O27: =M27*N27 -> 0 | P27: =I27*2.5 -> 48076.923 | R27: =P27*Q27 -> 0 | S27: =L27+O27+R27 -> 0
A28: 21 | B28: MYL202504064 | C28: MISS NALIN SYHALATH | D28: 2098953256 | E28: QC PTS | F28: ພາຍໃນປະເທດ | G28: 26 | H28: 2600000 | I28: =H28/G28/8 -> 12500 | J28: =I28*1.5 -> 18750 | L28: =J28*K28 -> 0 | M28: =I28*2 -> 25000 | O28: =M28*N28 -> 0 | P28: =I28*2.5 -> 31250 | R28: =P28*Q28 -> 0 | S28: =L28+O28+R28 -> 0
A29: 22 | B29: MYL202606160 | C29: MISS LAMPHAI THUMMAVONGE | D29: 2091381527 | E29: QC SAS | F29: ພາຍໃນປະເທດ | G29: 26 | H29: 2500000 | I29: =H29/G29/8 -> 12019.231 | J29: =I29*1.5 -> 18028.846 | L29: =J29*K29 -> 0 | M29: =I29*2 -> 24038.462 | O29: =M29*N29 -> 0 | P29: =I29*2.5 -> 30048.077 | R29: =P29*Q29 -> 0 | S29: =L29+O29+R29 -> 0
A30: 23 | B30: MYL202301037 | C30: MRS PHOULATSAMY SETTHATHILATH | D30: 2077074510 | E30: STORE PTS | F30: ພາຍໃນປະເທດ | G30: 26 | H30: 3300000 | I30: =H30/G30/8 -> 15865.385 | J30: =I30*1.5 -> 23798.077 | L30: =J30*K30 -> 0 | M30: =I30*2 -> 31730.769 | O30: =M30*N30 -> 0 | P30: =I30*2.5 -> 39663.462 | R30: =P30*Q30 -> 0 | S30: =L30+O30+R30 -> 0
A31: 24 | B31: MYT202602133 | C31: MR BOUNTHAVY KOMKAIYASONE | D31: 2097221714 | E31: STORE PTS | F31: ພາຍໃນປະເທດ | G31: 26 | H31: 2600000 | I31: =H31/G31/8 -> 12500 | J31: =I31*1.5 -> 18750 | L31: =J31*K31 -> 0 | M31: =I31*2 -> 25000 | O31: =M31*N31 -> 0 | P31: =I31*2.5 -> 31250 | R31: =P31*Q31 -> 0 | S31: =L31+O31+R31 -> 0
A32: 25 | B32: MYL202404006 | C32: MR SENGMANY PHATTHANA | D32: 2059597282 | E32: STORE OTS | F32: ພາຍໃນປະເທດ | G32: 26 | H32: 3300000 | I32: =H32/G32/8 -> 15865.385 | J32: =I32*1.5 -> 23798.077 | K32: 1 | L32: =J32*K32 -> 23798.077 | M32: =I32*2 -> 31730.769 | O32: =M32*N32 -> 0 | P32: =I32*2.5 -> 39663.462 | R32: =P32*Q32 -> 0 | S32: =L32+O32+R32 -> 23798.077
A33: 26 | B33: MYL202601128 | C33: MR KHAMPHASITH XAYYAJACK | D33: 2077412771 | E33: STORE OTS | F33: ພາຍໃນປະເທດ | G33: 26 | H33: 2600000 | I33: =H33/G33/8 -> 12500 | J33: =I33*1.5 -> 18750 | K33: 2 | L33: =J33*K33 -> 37500 | M33: =I33*2 -> 25000 | O33: =M33*N33 -> 0 | P33: =I33*2.5 -> 31250 | R33: =P33*Q33 -> 0 | S33: =L33+O33+R33 -> 37500
A34: 27 | B34: MYL202606162 | C34: MISS KHONESAVANH CHANTHALAY | D34: 2096532048 | E34: STORE OTS | F34: ພາຍໃນປະເທດ | G34: 26 | H34: 2500000 | I34: =H34/G34/8 -> 12019.231 | J34: =I34*1.5 -> 18028.846 | L34: =J34*K34 -> 0 | M34: =I34*2 -> 24038.462 | O34: =M34*N34 -> 0 | P34: =I34*2.5 -> 30048.077 | R34: =P34*Q34 -> 0 | S34: =L34+O34+R34 -> 0
A35: 28 | B35: MYL202001035 | C35: MRS TOUKTA PONGSIMMALY | D35: 2057706864 | E35: STORE SAS | F35: ພາຍໃນປະເທດ | G35: 26 | H35: 3300000 | I35: =H35/G35/8 -> 15865.385 | J35: =I35*1.5 -> 23798.077 | K35: 1 | L35: =J35*K35 -> 23798.077 | M35: =I35*2 -> 31730.769 | O35: =M35*N35 -> 0 | P35: =I35*2.5 -> 39663.462 | R35: =P35*Q35 -> 0 | S35: =L35+O35+R35 -> 23798.077
A36: 29 | B36: MYL202605151 | C36: MR SOULIYA | D36: 2099427578 | E36: STORE SAS | F36: ພາຍໃນປະເທດ | G36: 26 | H36: 2600000 | I36: =H36/G36/8 -> 12500 | J36: =I36*1.5 -> 18750 | L36: =J36*K36 -> 0 | M36: =I36*2 -> 25000 | O36: =M36*N36 -> 0 | P36: =I36*2.5 -> 31250 | R36: =P36*Q36 -> 0 | S36: =L36+O36+R36 -> 0
A37: 30 | B37: MYL202201050 | C37: MR TOUTONNAM KHOUNSAVANH | D37: 2093949318 | E37: Welding PTS | F37: ພາຍໃນປະເທດ | G37: 26 | H37: 3300000 | I37: =H37/G37/8 -> 15865.385 | J37: =I37*1.5 -> 23798.077 | L37: =J37*K37 -> 0 | M37: =I37*2 -> 31730.769 | O37: =M37*N37 -> 0 | P37: =I37*2.5 -> 39663.462 | R37: =P37*Q37 -> 0 | S37: =L37+O37+R37 -> 0
A38: 31 | B38: MYL202502061 | C38: MR KHONESAVANH SYTHAVONG | D38: 2096870409 | E38: Welding PTS | F38: ພາຍໃນປະເທດ | G38: 26 | H38: 2600000 | I38: =H38/G38/8 -> 12500 | J38: =I38*1.5 -> 18750 | L38: =J38*K38 -> 0 | M38: =I38*2 -> 25000 | O38: =M38*N38 -> 0 | P38: =I38*2.5 -> 31250 | R38: =P38*Q38 -> 0 | S38: =L38+O38+R38 -> 0
A39: 32 | B39: MYL202504072 | C39: MR BACKHAM XAISONGKHAM | D39: 2093768539 | E39: Welding PTS | F39: ພາຍໃນປະເທດ | G39: 26 | H39: 2600000 | I39: =H39/G39/8 -> 12500 | J39: =I39*1.5 -> 18750 | L39: =J39*K39 -> 0 | M39: =I39*2 -> 25000 | O39: =M39*N39 -> 0 | P39: =I39*2.5 -> 31250 | R39: =P39*Q39 -> 0 | S39: =L39+O39+R39 -> 0
A40: 33 | B40: MYL202509108 | C40: MR SEEVA PONGSIMMALY | D40: 2056238018 | E40: Welding PTS | F40: ພາຍໃນປະເທດ | G40: 26 | H40: 2600000 | I40: =H40/G40/8 -> 12500 | J40: =I40*1.5 -> 18750 | L40: =J40*K40 -> 0 | M40: =I40*2 -> 25000 | O40: =M40*N40 -> 0 | P40: =I40*2.5 -> 31250 | R40: =P40*Q40 -> 0 | S40: =L40+O40+R40 -> 0
A41: 34 | B41: MYL202509109 | C41: MR YOD CHAMPA | D41: 2091295633 | E41: Welding PTS | F41: ພາຍໃນປະເທດ | G41: 26 | H41: 2600000 | I41: =H41/G41/8 -> 12500 | J41: =I41*1.5 -> 18750 | L41: =J41*K41 -> 0 | M41: =I41*2 -> 25000 | O41: =M41*N41 -> 0 | P41: =I41*2.5 -> 31250 | R41: =P41*Q41 -> 0 | S41: =L41+O41+R41 -> 0
A42: 35 | B42: MYT202604143 | C42: MR BOUNSAVATH PHETKHAMBOONHUEANG | D42: 2099099712 | E42: Welding PTS | F42: ພາຍໃນປະເທດ | G42: 26 | H42: 2500000 | I42: =H42/G42/8 -> 12019.231 | J42: =I42*1.5 -> 18028.846 | L42: =J42*K42 -> 0 | M42: =I42*2 -> 24038.462 | O42: =M42*N42 -> 0 | P42: =I42*2.5 -> 30048.077 | R42: =P42*Q42 -> 0 | S42: =L42+O42+R42 -> 0
A43: 36 | B43: MYL202405041 | C43: MR BOUNXUEN SISOMBOUN | D43: 2057922285 | E43: Welding OTS 1 | F43: ພາຍໃນປະເທດ | G43: 26 | H43: 2702000 | I43: =H43/G43/8 -> 12990.385 | J43: =I43*1.5 -> 19485.577 | L43: =J43*K43 -> 0 | M43: =I43*2 -> 25980.769 | O43: =M43*N43 -> 0 | P43: =I43*2.5 -> 32475.962 | R43: =P43*Q43 -> 0 | S43: =L43+O43+R43 -> 0
A44: 37 | B44: MYL202503042 | C44: MR PHOLIYA | D44: 2091948440 | E44: Welding OTS 1 | F44: ພາຍໃນປະເທດ | G44: 26 | H44: 2600000 | I44: =H44/G44/8 -> 12500 | J44: =I44*1.5 -> 18750 | L44: =J44*K44 -> 0 | M44: =I44*2 -> 25000 | O44: =M44*N44 -> 0 | P44: =I44*2.5 -> 31250 | R44: =P44*Q44 -> 0 | S44: =L44+O44+R44 -> 0
A45: 38 | B45: MYL202502048 | C45: MR XAYSANA CHANTHAVILAY | D45: 2097690329 | E45: Welding OTS 1 | F45: ພາຍໃນປະເທດ | G45: 26 | H45: 2600000 | I45: =H45/G45/8 -> 12500 | J45: =I45*1.5 -> 18750 | L45: =J45*K45 -> 0 | M45: =I45*2 -> 25000 | O45: =M45*N45 -> 0 | P45: =I45*2.5 -> 31250 | R45: =P45*Q45 -> 0 | S45: =L45+O45+R45 -> 0
A46: 39 | B46: MYL202601088 | C46: MR SAYYAPHONE CHAMPA | D46: 2076162127 | E46: Welding OTS 1 | F46: ພາຍໃນປະເທດ | G46: 26 | H46: 2600000 | I46: =H46/G46/8 -> 12500 | J46: =I46*1.5 -> 18750 | L46: =J46*K46 -> 0 | M46: =I46*2 -> 25000 | O46: =M46*N46 -> 0 | P46: =I46*2.5 -> 31250 | R46: =P46*Q46 -> 0 | S46: =L46+O46+R46 -> 0
A47: 40 | B47: MYL202505089 | C47: MR VONGDEUAN PHIMMASOME | D47: 2059784851 | E47: Welding OTS 1 | F47: ພາຍໃນປະເທດ | G47: 26 | H47: 2600000 | I47: =H47/G47/8 -> 12500 | J47: =I47*1.5 -> 18750 | L47: =J47*K47 -> 0 | M47: =I47*2 -> 25000 | O47: =M47*N47 -> 0 | P47: =I47*2.5 -> 31250 | R47: =P47*Q47 -> 0 | S47: =L47+O47+R47 -> 0
... A60: 53 | B60: MYL202001019 | C60: MRS VANNAPHA VONGCHANDY | D60: 2051502770 | E60: PISTON Assembly | F60: ພາຍໃນປະເທດ | G60: 26 | H60: 2865137.8 | I60: =H60/G60/8 -> 13774.701 | J60: =I60*1.5 -> 20662.052 | L60: =J60*K60 -> 0 | M60: =I60*2 -> 27549.402 | O60: =M60*N60 -> 0 | P60: =I60*2.5 -> 34436.753 | R60: =P60*Q60 -> 0 | S60: =L60+O60+R60 -> 0
A61: 54 | B61: MYL202509115 | C61: MRS TOUNY SENGSOULIN | D61: 2091940060 | E61: PISTON Assembly | F61: ພາຍໃນປະເທດ | G61: 26 | H61: 2600000 | I61: =H61/G61/8 -> 12500 | J61: =I61*1.5 -> 18750 | K61: 2 | L61: =J61*K61 -> 37500 | M61: =I61*2 -> 25000 | O61: =M61*N61 -> 0 | P61: =I61*2.5 -> 31250 | R61: =P61*Q61 -> 0 | S61: =L61+O61+R61 -> 37500
A62: 55 | B62: MYL201908033 | C62: MR SIPHAN KITTILATH | D62: 2051502770 | E62: Assembly_PTS | F62: ພາຍໃນປະເທດ | G62: 26 | H62: 3300000 | I62: =H62/G62/8 -> 15865.385 | J62: =I62*1.5 -> 23798.077 | L62: =J62*K62 -> 0 | M62: =I62*2 -> 31730.769 | O62: =M62*N62 -> 0 | P62: =I62*2.5 -> 39663.462 | R62: =P62*Q62 -> 0 | S62: =L62+O62+R62 -> 0
A63: 56 | B63: MYL202502017 | C63: MRS KHAMPHOUVI SETTHATHILATH | D63: 2095818828 | E63: Assembly_PTS | F63: ພາຍໃນປະເທດ | G63: 26 | H63: 2600000 | I63: =H63/G63/8 -> 12500 | J63: =I63*1.5 -> 18750 | L63: =J63*K63 -> 0 | M63: =I63*2 -> 25000 | O63: =M63*N63 -> 0 | P63: =I63*2.5 -> 31250 | R63: =P63*Q63 -> 0 | S63: =L63+O63+R63 -> 0
A64: 57 | B64: MYL202405034 | C64: MRS TOUKTA ORLADASITH | D64: 2096080362 | E64: Assembly_PTS | F64: ພາຍໃນປະເທດ | G64: 26 | H64: 2668000 | I64: =H64/G64/8 -> 12826.923 | J64: =I64*1.5 -> 19240.385 | L64: =J64*K64 -> 0 | M64: =I64*2 -> 25653.846 | O64: =M64*N64 -> 0 | P64: =I64*2.5 -> 32067.308 | R64: =P64*Q64 -> 0 | S64: =L64+O64+R64 -> 0
A65: 58 | B65: MYT202511121 | C65: MR KHAMPHENG SENGDALA | D65: 2058128091 | E65: Assembly_PTS | F65: ພາຍໃນປະເທດ | G65: 26 | H65: 2600000 | I65: =H65/G65/8 -> 12500 | J65: =I65*1.5 -> 18750 | L65: =J65*K65 -> 0 | M65: =I65*2 -> 25000 | O65: =M65*N65 -> 0 | P65: =I65*2.5 -> 31250 | R65: =P65*Q65 -> 0 | S65: =L65+O65+R65 -> 0
A66: 59 | B66: MYL202604145 | C66: MRS SUAY SENGDALA | D66: 2077315902 | E66: Assembly_PTS | F66: ພາຍໃນປະເທດ | G66: 26 | H66: 2500000 | I66: =H66/G66/8 -> 12019.231 | J66: =I66*1.5 -> 18028.846 | L66: =J66*K66 -> 0 | M66: =I66*2 -> 24038.462 | O66: =M66*N66 -> 0 | P66: =I66*2.5 -> 30048.077 | R66: =P66*Q66 -> 0 | S66: =L66+O66+R66 -> 0
A67: 60 | B67: MYL202405063 | C67: MR LOUNGMISAY SINPASEUTH | D67: 2098774705 | E67: Assembly SAS | F67: ພາຍໃນປະເທດ | G67: 26 | H67: 3300000 | I67: =H67/G67/8 -> 15865.385 | J67: =I67*1.5 -> 23798.077 | K67: 5 | L67: =J67*K67 -> 118990.38 | M67: =I67*2 -> 31730.769 | O67: =M67*N67 -> 0 | P67: =I67*2.5 -> 39663.462 | R67: =P67*Q67 -> 0 | S67: =L67+O67+R67 -> 118990.38
A68: 61 | B68: MYL202406012 | C68: MR JIMMY KETTAVONG | D68: 2091940060 | E68: Assembly SAS | F68: ພາຍໃນປະເທດ | G68: 26 | H68: 2685000 | I68: =H68/G68/8 -> 12908.654 | J68: =I68*1.5 -> 19362.981 | K68: 5 | L68: =J68*K68 -> 96814.904 | M68: =I68*2 -> 25817.308 | O68: =M68*N68 -> 0 | P68: =I68*2.5 -> 32271.635 | R68: =P68*Q68 -> 0 | S68: =L68+O68+R68 -> 96814.904
A69: 62 | B69: MYL202405031 | C69: MR NOUPHONE CHANTHAMALY | D69: 2057025508 | E69: Assembly SAS | F69: ພາຍໃນປະເທດ | G69: 26 | H69: 2702000 | I69: =H69/G69/8 -> 12990.385 | J69: =I69*1.5 -> 19485.577 | K69: 5 | L69: =J69*K69 -> 97427.885 | M69: =I69*2 -> 25980.769 | O69: =M69*N69 -> 0 | P69: =I69*2.5 -> 32475.962 | R69: =P69*Q69 -> 0 | S69: =L69+O69+R69 -> 97427.885
A70: 63 | B70: MYL202504053 | C70: MISS SOUTSADA SOUTHALIN | D70: 2096593001 | E70: Assembly SAS | F70: ພາຍໃນປະເທດ | G70: 26 | H70: 2600000 | I70: =H70/G70/8 -> 12500 | J70: =I70*1.5 -> 18750 | K70: 5 | L70: =J70*K70 -> 93750 | M70: =I70*2 -> 25000 | O70: =M70*N70 -> 0 | P70: =I70*2.5 -> 31250 | R70: =P70*Q70 -> 0 | S70: =L70+O70+R70 -> 93750
A71: 64 | B71: MYL202505080 | C71: MR BOM CHANTHALATH | D71: 2077522028 | E71: Assembly SAS | F71: ພາຍໃນປະເທດ | G71: 26 | H71: 2600000 | I71: =H71/G71/8 -> 12500 | J71: =I71*1.5 -> 18750 | K71: 5 | L71: =J71*K71 -> 93750 | M71: =I71*2 -> 25000 | O71: =M71*N71 -> 0 | P71: =I71*2.5 -> 31250 | R71: =P71*Q71 -> 0 | S71: =L71+O71+R71 -> 93750
A72: 65 | B72: MYL202505090 | C72: MR SOUKCHAI XAISONGKHARM | D72: 2094049929 | E72: Assembly SAS | F72: ພາຍໃນປະເທດ | G72: 26 | H72: 2500000 | I72: =H72/G72/8 -> 12019.231 | J72: =I72*1.5 -> 18028.846 | L72: =J72*K72 -> 0 | M72: =I72*2 -> 24038.462 | O72: =M72*N72 -> 0 | P72: =I72*2.5 -> 30048.077 | R72: =P72*Q72 -> 0 | S72: =L72+O72+R72 -> 0
A73: 66 | B73: MYL202606161 | C73: MR PHOUTHASONE SEELIVONGE | D73: 2092862090 | E73: Assembly SAS | F73: ພາຍໃນປະເທດ | G73: 26 | H73: 2500000 | I73: =H73/G73/8 -> 12019.231 | J73: =I73*1.5 -> 18028.846 | L73: =J73*K73 -> 0 | M73: =I73*2 -> 24038.462 | O73: =M73*N73 -> 0 | P73: =I73*2.5 -> 30048.077 | R73: =P73*Q73 -> 0 | S73: =L73+O73+R73 -> 0
A74: 67 | B74: MYL202502032 | C74: MR BAIPHONE SYTHALATH | D74: 2092797378 | E74: PACKING | F74: ພາຍໃນປະເທດ | G74: 26 | H74: 2600000 | I74: =H74/G74/8 -> 12500 | J74: =I74*1.5 -> 18750 | L74: =J74*K74 -> 0 | M74: =I74*2 -> 25000 | O74: =M74*N74 -> 0 | P74: =I74*2.5 -> 31250 | R74: =P74*Q74 -> 0 | S74: =L74+O74+R74 -> 0
B75: MYL202503139 | C75: MR VANHOUDONE PHOMMATHAI | D75: 2094335180 | E75: PACKING | F75: ພາຍໃນປະເທດ | G75: 26 | H75: 2500000 | I75: =H75/G75/8 -> 12019.231 | J75: =I75*1.5 -> 18028.846 | L75: =J75*K75 -> 0 | M75: =I75*2 -> 24038.462 | O75: =M75*N75 -> 0 | P75: =I75*2.5 -> 30048.077 | R75: =P75*Q75 -> 0 | S75: =L75+O75+R75 -> 0
B76: MYL000006 | C76: MISS PHONEMANY BANPHACHA | D76: 2099955542 | E76: PACKING | F76: ພາຍໃນປະເທດ | G76: 26 | H76: 3500000 | I76: =H76/G76/8 -> 16826.923 | J76: =I76*1.5 -> 25240.385 | L76: =J76*K76 -> 0 | M76: =I76*2 -> 33653.846 | O76: =M76*N76 -> 0 | P76: =I76*2.5 -> 42067.308 | R76: =P76*Q76 -> 0 | S76: =L76+O76+R76 -> 0
B77: MYL000007 | C77: MISS DOUANGDAO BANPHACHA | D77: 2055302407 | E77: PACKING | F77: ພາຍໃນປະເທດ | G77: 26 | H77: 3500000 | I77: =H77/G77/8 -> 16826.923 | J77: =I77*1.5 -> 25240.385 | L77: =J77*K77 -> 0 | M77: =I77*2 -> 33653.846 | O77: =M77*N77 -> 0 | P77: =I77*2.5 -> 42067.308 | R77: =P77*Q77 -> 0 | S77: =L77+O77+R77 -> 0
B78: MYL202502007 | C78: MR CHANETHAVISAI PHATTHANA | D78: 2094399366 | E78: STORE TT | F78: ພາຍໃນປະເທດ | G78: 26 | H78: 5445360 | I78: =H78/G78/8 -> 26179.615 | J78: =I78*1.5 -> 39269.423 | L78: =J78*K78 -> 0 | M78: =I78*2 -> 52359.231 | O78: =M78*N78 -> 0 | P78: =I78*2.5 -> 65449.038 | R78: =P78*Q78 -> 0 | S78: =L78+O78+R78 -> 0
B79: MYL202410021 | C79: MISS PANATDA | D79: 2077880077 | E79: STORE TT | F79: ພາຍໃນປະເທດ | G79: 26 | H79: 4900824 | I79: =H79/G79/8 -> 23561.654 | J79: =I79*1.5 -> 35342.481 | L79: =J79*K79 -> 0 | M79: =I79*2 -> 47123.308 | O79: =M79*N79 -> 0 | P79: =I79*2.5 -> 58904.135 | R79: =P79*Q79 -> 0 | S79: =L79+O79+R79 -> 0
B80: MYL202606 | C80: MISS MAION | D80: 2078344522 | E80: Assembly_PTS | F80: ພາຍໃນປະເທດ | G80: 26 | H80: 2500000 | I80: =H80/G80/8 -> 12019.231 | J80: =I80*1.5 -> 18028.846 | L80: =J80*K80 -> 0 | M80: =I80*2 -> 24038.462 | O80: =M80*N80 -> 0 | P80: =I80*2.5 -> 30048.077 | R80: =P80*Q80 -> 0 | S80: =L80+O80+R80 -> 0
R81: =P81*Q81 -> 0 | S81: =L81+O81+R81 -> 0
S82: =L82+O82+R82 -> 0
B117: ລວມ | G117: =SUBTOTAL(109,G8:G115) -> 1898 | H117: =SUBTOTAL(109,H8:H115) -> 4.2564243e+08 | I117: =SUBTOTAL(109,I8:I115) -> 2046357.8 | J117: =SUBTOTAL(109,J8:J115) -> 3069536.8 | K117: =SUBTOTAL(109,K8:K115) -> 31 | L117: =SUBTOTAL(109,L8:L115) -> 623329.33 | M117: =SUBTOTAL(109,M8:M115) -> 4092715.7 | N117: =SUBTOTAL(109,N8:N115) -> 0 | ... V117: =SUBTOTAL(109,V8:V115) -> 0

Sheet เงินกะ
A5: ຕາຕະລາງຄິດໄລ່ເງີນກະກາງຄືນ ປະຈຳເດືອນ 06/2026
A6: ລ/ດ No. | B6: ລະຫັດພງ Emplyee ID | C6: ຊື່ ແລະ ນາສະກຸນ Name and Surname | D6: Telephone | E6: ຕຳແໜ່ງ Position | F6: ສັນຊາດ | G6: Days | H6: ເງິນເດືອນພື້ນຖານ Basic Salary | I6: Days | J6: 0.15 | K6: ລວມ | L6: ຈຳນວນ | M6: ລວມ
I7: =SUBTOTAL(109,I8:I100) -> 2046357.8 | J7: =SUBTOTAL(109,J8:J100) -> 306953.68 | K7: =SUBTOTAL(109,K8:K100) -> 2353311.5 | L7: =SUBTOTAL(109,L8:L100) -> 233.5 | M7: =SUBTOTAL(109,M8:M100) -> 3407674.8
A8: {=_xlfn.SEQUENCE(COUNTA(B8:B173))} -> 1 | B8: {=_xlfn._xlws.FILTER(TAX!$B$7:$H$98,TAX!H7:H98,TAX!$F$7:$F$98)} -> MYL000001 | C8: MR PHICHAI EIAMWATTANASILP | D8: 66617893562 | E8: Director | F8: ຕ່າງປະເທດ | G8: 26 | H8: 68067000 | I8: =H8/G8/8 -> 327245.19 | J8: =I8*$J$6 -> 49086.779 | K8: =I8+J8 -> 376331.97 | M8: =K8*L8 -> 0
B9: MYL000005 | C9: MR WEERASIT LEEGCHOUR | D9: 2098388245 | E9: Deputy director 04 | F9: ຕ່າງປະເທດ | G9: 26 | H9: 13613400 | I9: =H9/G9/8 -> 65449.038 | J9: =I9*$J$6 -> 9817.3558 | K9: =I9+J9 -> 75266.394 | M9: =K9*L9 -> 0
B10: MYL000002 | C10: MRS Boualavanh BANPHACHA | D10: 2023333500 | E10: Deputy director 01 | F10: ພາຍໃນປະເທດ | G10: 26 | H10: 68067000 | I10: =H10/G10/8 -> 327245.19 | J10: =I10*$J$6 -> 49086.779 | K10: =I10+J10 -> 376331.97 | M10: =K10*L10 -> 0
B11: MYL000003 | C11: MRS DATSANY BANPHAXA | D11: 2023333800 | E11: Deputy director 02 | F11: ພາຍໃນປະເທດ | G11: 26 | H11: 27226800 | I11: =H11/G11/8 -> 130898.08 | J11: =I11*$J$6 -> 19634.712 | K11: =I11+J11 -> 150532.79 | M11: =K11*L11 -> 0
B12: MYL000004 | C12: MISS BOUAVONE VANGVONGXAI | D12: 2076198111 | E12: Deputy director 03 | F12: ພາຍໃນປະເທດ | G12: 26 | H12: 13000000 | I12: =H12/G12/8 -> 62500 | J12: =I12*$J$6 -> 9375 | K12: =I12+J12 -> 71875 | M12: =K12*L12 -> 0
B13: MYL202210001 | C13: MR ANOUSACK THAMMAVONG | D13: 2077772708 | E13: Accounting | F13: ພາຍໃນປະເທດ | G13: 26 | H13: 10000000 | I13: =H13/G13/8 -> 48076.923 | J13: =I13*$J$6 -> 7211.5385 | K13: =I13+J13 -> 55288.462 | M13: =K13*L13 -> 0
B14: MYL202001001 | C14: MR SONESAVANH PHENGPHINIT | D14: 02092539860 | E14: Accounting | F14: ພາຍໃນປະເທດ | G14: 26 | H14: 6832000 | I14: =H14/G14/8 -> 32846.154 | J14: =I14*$J$6 -> 4926.9231 | K14: =I14+J14 -> 37773.077 | M14: =K14*L14 -> 0
B15: MYL202408005 | C15: MISS CHANSAMONE PHANTHALAVONG | D15: 2099701293 | E15: Planning | F15: ພາຍໃນປະເທດ | G15: 26 | H15: 6000000 | I15: =H15/G15/8 -> 28846.154 | J15: =I15*$J$6 -> 4326.9231 | K15: =I15+J15 -> 33173.077 | M15: =K15*L15 -> 0
B16: MYT202602136 | C16: MRS BOUANGUEN SOMCHANMAVONG | D16: 2056516668 | E16: Planning | F16: ພາຍໃນປະເທດ | G16: 26 | H16: 4500000 | I16: =H16/G16/8 -> 21634.615 | J16: =I16*$J$6 -> 3245.1923 | K16: =I16+J16 -> 24879.808 | M16: =K16*L16 -> 0
B17: MYL202606153 | C17: MR SEUAPA XAIYAVONG | D17: 2078150776 | E17: Planning | F17: ພາຍໃນປະເທດ | G17: 26 | H17: 3500000 | I17: =H17/G17/8 -> 16826.923 | J17: =I17*$J$6 -> 2524.0385 | K17: =I17+J17 -> 19350.962 | M17: =K17*L17 -> 0
B18: MYL202604144 | C18: MISS PHOSEE KIANGLANOUSIN | D18: 2076861520 | E18: OFFICE | F18: ພາຍໃນປະເທດ | G18: 26 | H18: 3500000 | I18: =H18/G18/8 -> 16826.923 | J18: =I18*$J$6 -> 2524.0385 | K18: =I18+J18 -> 19350.962 | M18: =K18*L18 -> 0
B19: MYL201908010 | C19: MR SAYSAMPHAN MANEEBOTH | D19: 2097545680 | E19: Logistic Staff | F19: ພາຍໃນປະເທດ | G19: 26 | H19: 5000000 | I19: =H19/G19/8 -> 24038.462 | J19: =I19*$J$6 -> 3605.7692 | K19: =I19+J19 -> 27644.231 | M19: =K19*L19 -> 0
B20: MYL202001036 | C20: MISS JINDA BANPHACHA | D20: 2092416077 | E20: Audit | F20: ພາຍໃນປະເທດ | G20: 26 | H20: 10550385 | I20: =H20/G20/8 -> 50723.005 | J20: =I20*$J$6 -> 7608.4507 | K20: =I20+J20 -> 58331.456 | M20: =K20*L20 -> 0
B21: MYL201908016 | C21: MR AMMALIN | D21: 2023332299 | E21: Production manager 02 | F21: ພາຍໃນປະເທດ | G21: 26 | H21: 5000000 | I21: =H21/G21/8 -> 24038.462 | J21: =I21*$J$6 -> 3605.7692 | K21: =I21+J21 -> 27644.231 | M21: =K21*L21 -> 0
B22: MYL202001049 | C22: MR BOUNPON | D22: 2078916853 | E22: Production manager 02 | F22: ພາຍໃນປະເທດ | G22: 26 | H22: 4000000 | I22: =H22/G22/8 -> 19230.769 | J22: =I22*$J$6 -> 2884.6154 | K22: =I22+J22 -> 22115.385 | M22: =K22*L22 -> 0
B23: MYL000009 | C23: MR SONE | D23: 0 | E23: Security Staff | F23: ພາຍໃນປະເທດ | G23: 26 | H23: 10550385 | I23: =H23/G23/8 -> 50723.005 | J23: =I23*$J$6 -> 7608.4507 | K23: =I23+J23 -> 58331.456 | M23: =K23*L23 -> 0
B24: MYL202401027 | C24: MRS NIK CHANTHANET | D24: 2056339678 | E24: Maid Staff | F24: ພາຍໃນປະເທດ | G24: 26 | H24: 2702000 | I24: =H24/G24/8 -> 12990.385 | J24: =I24*$J$6 -> 1948.5577 | K24: =I24+J24 -> 14938.942 | M24: =K24*L24 -> 0
B25: MYL201908028 | C25: MR TERY KHAMKOUNA | D25: 02059103026 | E25: Engineering | F25: ພາຍໃນປະເທດ | G25: 26 | H25: 5000000 | I25: =H25/G25/8 -> 24038.462 | J25: =I25*$J$6 -> 3605.7692 | K25: =I25+J25 -> 27644.231 | M25: =K25*L25 -> 0
B26: MYL202507076 | C26: MR XAYSONGKHAM SOMSANITH | D26: 2056211706 | E26: Engineering | F26: ພາຍໃນປະເທດ | G26: 26 | H26: 4500000 | I26: =H26/G26/8 -> 21634.615 | J26: =I26*$J$6 -> 3245.1923 | K26: =I26+J26 -> 24879.808 | M26: =K26*L26 -> 0
B27: MYL201908026 | C27: MR SONGKAN PHACHANSITTHI | D27: 2054612045 | E27: QC Manager 02 | F27: ພາຍໃນປະເທດ | G27: 26 | H27: 4000000 | I27: =H27/G27/8 -> 19230.769 | J27: =I27*$J$6 -> 2884.6154 | K27: =I27+J27 -> 22115.385 | M27: =K27*L27 -> 0
B28: MYL202504064 | C28: MISS NALIN SYHALATH | D28: 2098953256 | E28: QC PTS | F28: ພາຍໃນປະເທດ | G28: 26 | H28: 2600000 | I28: =H28/G28/8 -> 12500 | J28: =I28*$J$6 -> 1875 | K28: =I28+J28 -> 14375 | M28: =K28*L28 -> 0
B29: MYL202606160 | C29: MISS LAMPHAI THUMMAVONGE | D29: 2091381527 | E29: QC SAS | F29: ພາຍໃນປະເທດ | G29: 26 | H29: 2500000 | I29: =H29/G29/8 -> 12019.231 | J29: =I29*$J$6 -> 1802.8846 | K29: =I29+J29 -> 13822.115 | M29: =K29*L29 -> 0
B30: MYL202301037 | C30: MRS PHOULATSAMY SETTHATHILATH | D30: 2077074510 | E30: STORE PTS | F30: ພາຍໃນປະເທດ | G30: 26 | H30: 3300000 | I30: =H30/G30/8 -> 15865.385 | J30: =I30*$J$6 -> 2379.8077 | K30: =I30+J30 -> 18245.192 | M30: =K30*L30 -> 0
B31: MYT202602133 | C31: MR BOUNTHAVY KOMKAIYASONE | D31: 2097221714 | E31: STORE PTS | F31: ພາຍໃນປະເທດ | G31: 26 | H31: 2600000 | I31: =H31/G31/8 -> 12500 | J31: =I31*$J$6 -> 1875 | K31: =I31+J31 -> 14375 | M31: =K31*L31 -> 0
B32: MYL202404006 | C32: MR SENGMANY PHATTHANA | D32: 2059597282 | E32: STORE OTS | F32: ພາຍໃນປະເທດ | G32: 26 | H32: 3300000 | I32: =H32/G32/8 -> 15865.385 | J32: =I32*$J$6 -> 2379.8077 | K32: =I32+J32 -> 18245.192 | L32: 2 | M32: =K32*L32 -> 36490.385
B33: MYL202601128 | C33: MR KHAMPHASITH XAYYAJACK | D33: 2077412771 | E33: STORE OTS | F33: ພາຍໃນປະເທດ | G33: 26 | H33: 2600000 | I33: =H33/G33/8 -> 12500 | J33: =I33*$J$6 -> 1875 | K33: =I33+J33 -> 14375 | M33: =K33*L33 -> 0
B34: MYL202606162 | C34: MISS KHONESAVANH CHANTHALAY | D34: 2096532048 | E34: STORE OTS | F34: ພາຍໃນປະເທດ | G34: 26 | H34: 2500000 | I34: =H34/G34/8 -> 12019.231 | J34: =I34*$J$6 -> 1802.8846 | K34: =I34+J34 -> 13822.115 | M34: =K34*L34 -> 0
B35: MYL202001035 | C35: MRS TOUKTA PONGSIMMALY | D35: 2057706864 | E35: STORE SAS | F35: ພາຍໃນປະເທດ | G35: 26 | H35: 3300000 | I35: =H35/G35/8 -> 15865.385 | J35: =I35*$J$6 -> 2379.8077 | K35: =I35+J35 -> 18245.192 | M35: =K35*L35 -> 0
B36: MYL202605151 | C36: MR SOULIYA | D36: 2099427578 | E36: STORE SAS | F36: ພາຍໃນປະເທດ | G36: 26 | H36: 2600000 | I36: =H36/G36/8 -> 12500 | J36: =I36*$J$6 -> 1875 | K36: =I36+J36 -> 14375 | M36: =K36*L36 -> 0
B37: MYL202201050 | C37: MR TOUTONNAM KHOUNSAVANH | D37: 2093949318 | E37: Welding PTS | F37: ພາຍໃນປະເທດ | G37: 26 | H37: 3300000 | I37: =H37/G37/8 -> 15865.385 | J37: =I37*$J$6 -> 2379.8077 | K37: =I37+J37 -> 18245.192 | M37: =K37*L37 -> 0
B38: MYL202502061 | C38: MR KHONESAVANH SYTHAVONG | D38: 2096870409 | E38: Welding PTS | F38: ພາຍໃນປະເທດ | G38: 26 | H38: 2600000 | I38: =H38/G38/8 -> 12500 | J38: =I38*$J$6 -> 1875 | K38: =I38+J38 -> 14375 | M38: =K38*L38 -> 0
B39: MYL202504072 | C39: MR BACKHAM XAISONGKHAM | D39: 2093768539 | E39: Welding PTS | F39: ພາຍໃນປະເທດ | G39: 26 | H39: 2600000 | I39: =H39/G39/8 -> 12500 | J39: =I39*$J$6 -> 1875 | K39: =I39+J39 -> 14375 | M39: =K39*L39 -> 0
B40: MYL202509108 | C40: MR SEEVA PONGSIMMALY | D40: 2056238018 | E40: Welding PTS | F40: ພາຍໃນປະເທດ | G40: 26 | H40: 2600000 | I40: =H40/G40/8 -> 12500 | J40: =I40*$J$6 -> 1875 | K40: =I40+J40 -> 14375 | M40: =K40*L40 -> 0
B41: MYL202509109 | C41: MR YOD CHAMPA | D41: 2091295633 | E41: Welding PTS | F41: ພາຍໃນປະເທດ | G41: 26 | H41: 2600000 | I41: =H41/G41/8 -> 12500 | J41: =I41*$J$6 -> 1875 | K41: =I41+J41 -> 14375 | M41: =K41*L41 -> 0
B42: MYT202604143 | C42: MR BOUNSAVATH PHETKHAMBOONHUEANG | D42: 2099099712 | E42: Welding PTS | F42: ພາຍໃນປະເທດ | G42: 26 | H42: 2500000 | I42: =H42/G42/8 -> 12019.231 | J42: =I42*$J$6 -> 1802.8846 | K42: =I42+J42 -> 13822.115 | M42: =K42*L42 -> 0
B43: MYL202405041 | C43: MR BOUNXUEN SISOMBOUN | D43: 2057922285 | E43: Welding OTS 1 | F43: ພາຍໃນປະເທດ | G43: 26 | H43: 2702000 | I43: =H43/G43/8 -> 12990.385 | J43: =I43*$J$6 -> 1948.5577 | K43: =I43+J43 -> 14938.942 | L43: 10 | M43: =K43*L43 -> 149389.42
B44: MYL202503042 | C44: MR PHOLIYA | D44: 2091948440 | E44: Welding OTS 1 | F44: ພາຍໃນປະເທດ | G44: 26 | H44: 2600000 | I44: =H44/G44/8 -> 12500 | J44: =I44*$J$6 -> 1875 | K44: =I44+J44 -> 14375 | L44: 8.5 | M44: =K44*L44 -> 122187.5
B45: MYL202502048 | C45: MR XAYSANA CHANTHAVILAY | D45: 2097690329 | E45: Welding OTS 1 | F45: ພາຍໃນປະເທດ | G45: 26 | H45: 2600000 | I45: =H45/G45/8 -> 12500 | J45: =I45*$J$6 -> 1875 | K45: =I45+J45 -> 14375 | L45: 8 | M45: =K45*L45 -> 115000
B46: MYL202601088 | C46: MR SAYYAPHONE CHAMPA | D46: 2076162127 | E46: Welding OTS 1 | F46: ພາຍໃນປະເທດ | G46: 26 | H46: 2600000 | I46: =H46/G46/8 -> 12500 | J46: =I46*$J$6 -> 1875 | K46: =I46+J46 -> 14375 | L46: 9 | M46: =K46*L46 -> 129375
B47: MYL202505089 | C47: MR VONGDEUAN PHIMMASOME | D47: 2059784851 | E47: Welding OTS 1 | F47: ພາຍໃນປະເທດ | G47: 26 | H47: 2600000 | I47: =H47/G47/8 -> 12500 | J47: =I47*$J$6 -> 1875 | K47: =I47+J47 -> 14375 | L47: 10 | M47: =K47*L47 -> 143750
B48: MYL202507103 | C48: MR NOUZING SEELANAM | D48: 2093462059 | E48: Welding OTS 1 | F48: ພາຍໃນປະເທດ | G48: 26 | H48: 2600000 | I48: =H48/G48/8 -> 12500 | J48: =I48*$J$6 -> 1875 | K48: =I48+J48 -> 14375 | L48: 6 | M48: =K48*L48 -> 86250
B49: MYL202606157 | C49: MR PHOUTHONE CHANTHAVONGSA | D49: 2095105674 | E49: Welding OTS 1 | F49: ພາຍໃນປະເທດ | G49: 26 | H49: 2500000 | I49: =H49/G49/8 -> 12019.231 | J49: =I49*$J$6 -> 1802.8846 | K49: =I49+J49 -> 13822.115 | L49: 10 | M49: =K49*L49 -> 138221.15
B50: MYL201908038 | C50: MR PHONEPHANA SINGSUAYKEO | D50: 2077111088 | E50: Welding OTS 2 | F50: ພາຍໃນປະເທດ | G50: 26 | H50: 4000000 | I50: =H50/G50/8 -> 19230.769 | J50: =I50*$J$6 -> 2884.6154 | K50: =I50+J50 -> 22115.385 | M50: =K50*L50 -> 0
B51: MYL202502043 | C51: MR JONENY CHAMPA | D51: 2058802628 | E51: Welding OTS 2 | F51: ພາຍໃນປະເທດ | G51: 26 | H51: 2600000 | I51: =H51/G51/8 -> 12500 | J51: =I51*$J$6 -> 1875 | K51: =I51+J51 -> 14375 | L51: 12 | M51: =K51*L51 -> 172500
B52: MYL202504055 | C52: MR BOUNMA SOUTHALIN | D52: 2099388176 | E52: Welding OTS 2 | F52: ພາຍໃນປະເທດ | G52: 26 | H52: 2600000 | I52: =H52/G52/8 -> 12500 | J52: =I52*$J$6 -> 1875 | K52: =I52+J52 -> 14375 | L52: 12 | M52: =K52*L52 -> 172500
B53: MYL202507097 | C53: MR CHAT SAENGARLUON | D53: 2093107685 | E53: Welding OTS 2 | F53: ພາຍໃນປະເທດ | G53: 26 | H53: 2600000 | I53: =H53/G53/8 -> 12500 | J53: =I53*$J$6 -> 1875 | K53: =I53+J53 -> 14375 | L53: 12 | M53: =K53*L53 -> 172500
B54: MYL202507101 | C54: MR BOUNKEUTH NORLATH | D54: 2094297776 | E54: Welding OTS 2 | F54: ພາຍໃນປະເທດ | G54: 26 | H54: 2500000 | I54: =H54/G54/8 -> 12019.231 | J54: =I54*$J$6 -> 1802.8846 | K54: =I54+J54 -> 13822.115 | L54: 12 | M54: =K54*L54 -> 165865.38
B55: MYL202601126 | C55: MR BONETHANA SYPASUET | D55: 2098614922 | E55: Welding OTS 2 | F55: ພາຍໃນປະເທດ | G55: 26 | H55: 2600000 | I55: =H55/G55/8 -> 12500 | J55: =I55*$J$6 -> 1875 | K55: =I55+J55 -> 14375 | L55: 12 | M55: =K55*L55 -> 172500
B56: MYL202605148 | C56: MR VILAYLACK SEEMIXAI | D56: 2056183148 | E56: Welding OTS 2 | F56: ພາຍໃນປະເທດ | G56: 26 | H56: 2500000 | I56: =H56/G56/8 -> 12019.231 | J56: =I56*$J$6 -> 1802.8846 | K56: =I56+J56 -> 13822.115 | L56: 11 | M56: =K56*L56 -> 152043.27
B57: MYL202606154 | C57: MR THUDSAPHONE HOUNGLADSAMEE | D57: 2097845973 | E57: Welding OTS 2 | F57: ພາຍໃນປະເທດ | G57: 26 | H57: 2500000 | I57: =H57/G57/8 -> 12019.231 | J57: =I57*$J$6 -> 1802.8846 | K57: =I57+J57 -> 13822.115 | L57: 6 | M57: =K57*L57 -> 82932.692
B58: MYL202001008 | C58: MRS SAVINY PHOUTTHALAKSA | D58: 2099481761 | E58: Valve Assembly | F58: ພາຍໃນປະເທດ | G58: 26 | H58: 2865137.8 | I58: =H58/G58/8 -> 13774.701 | J58: =I58*$J$6 -> 2066.2052 | K58: =I58+J58 -> 15840.906 | L58: 6 | M58: =K58*L58 -> 95045.437
B59: MYL202501009 | C59: MRS SUINOY THILAKHAMPHIW | D59: 2077053990 | E59: Valve Assembly | F59: ພາຍໃນປະເທດ | G59: 26 | H59: 2600000 | I59: =H59/G59/8 -> 12500 | J59: =I59*$J$6 -> 1875 | K59: =I59+J59 -> 14375 | L59: 6 | M59: =K59*L59 -> 86250
B60: MYL202001019 | C60: MRS VANNAPHA VONGCHANDY | D60: 2051502770 | E60: PISTON Assembly | F60: ພາຍໃນປະເທດ | G60: 26 | H60: 2865137.8 | I60: =H60/G60/8 -> 13774.701 | J60: =I60*$J$6 -> 2066.2052 | K60: =I60+J60 -> 15840.906 | L60: 6 | M60: =K60*L60 -> 95045.437
B61: MYL202509115 | C61: MRS TOUNY SENGSOULIN | D61: 2091940060 | E61: PISTON Assembly | F61: ພາຍໃນປະເທດ | G61: 26 | H61: 2600000 | I61: =H61/G61/8 -> 12500 | J61: =I61*$J$6 -> 1875 | K61: =I61+J61 -> 14375 | L61: 5 | M61: =K61*L61 -> 71875
B62: MYL201908033 | C62: MR SIPHAN KITTILATH | D62: 2051502770 | E62: Assembly_PTS | F62: ພາຍໃນປະເທດ | G62: 26 | H62: 3300000 | I62: =H62/G62/8 -> 15865.385 | J62: =I62*$J$6 -> 2379.8077 | K62: =I62+J62 -> 18245.192 | L62: 6 | M62: =K62*L62 -> 109471.15
... B68: MYL202406012 | C68: MR JIMMY KETTAVONG | D68: 2091940060 | E68: Assembly SAS | F68: ພາຍໃນປະເທດ | G68: 26 | H68: 2685000 | I68: =H68/G68/8 -> 12908.654 | J68: =I68*$J$6 -> 1936.2981 | K68: =I68+J68 -> 14844.952 | L68: 5 | M68: =K68*L68 -> 74224.76
A69: 5 | B69: MYL202405031 | C69: MR NOUPHONE CHANTHAMALY | D69: 2057025508 | E69: Assembly SAS | F69: ພາຍໃນປະເທດ | G69: 26 | H69: 2702000 | I69: =H69/G69/8 -> 12990.385 | J69: =I69*$J$6 -> 1948.5577 | K69: =I69+J69 -> 14938.942 | L69: 5 | M69: =K69*L69 -> 74694.712
B70: MYL202504053 | C70: MISS SOUTSADA SOUTHALIN | D70: 2096593001 | E70: Assembly SAS | F70: ພາຍໃນປະເທດ | G70: 26 | H70: 2600000 | I70: =H70/G70/8 -> 12500 | J70: =I70*$J$6 -> 1875 | K70: =I70+J70 -> 14375 | L70: 6 | M70: =K70*L70 -> 86250
B71: MYL202505080 | C71: MR BOM CHANTHALATH | D71: 2077522028 | E71: Assembly SAS | F71: ພາຍໃນປະເທດ | G71: 26 | H71: 2600000 | I71: =H71/G71/8 -> 12500 | J71: =I71*$J$6 -> 1875 | K71: =I71+J71 -> 14375 | L71: 6 | M71: =K71*L71 -> 86250
B72: MYL202505090 | C72: MR SOUKCHAI XAISONGKHARM | D72: 2094049929 | E72: Assembly SAS | F72: ພາຍໃນປະເທດ | G72: 26 | H72: 2500000 | I72: =H72/G72/8 -> 12019.231 | J72: =I72*$J$6 -> 1802.8846 | K72: =I72+J72 -> 13822.115 | L72: 5 | M72: =K72*L72 -> 69110.577
B73: MYL202606161 | C73: MR PHOUTHASONE SEELIVONGE | D73: 2092862090 | E73: Assembly SAS | F73: ພາຍໃນປະເທດ | G73: 26 | H73: 2500000 | I73: =H73/G73/8 -> 12019.231 | J73: =I73*$J$6 -> 1802.8846 | K73: =I73+J73 -> 13822.115 | L73: 2 | M73: =K73*L73 -> 27644.231
B74: MYL202502032 | C74: MR BAIPHONE SYTHALATH | D74: 2092797378 | E74: PACKING | F74: ພາຍໃນປະເທດ | G74: 26 | H74: 2600000 | I74: =H74/G74/8 -> 12500 | J74: =I74*$J$6 -> 1875 | K74: =I74+J74 -> 14375 | L74: 5 | M74: =K74*L74 -> 71875
B75: MYL202503139 | C75: MR VANHOUDONE PHOMMATHAI | D75: 2094335180 | E75: PACKING | F75: ພາຍໃນປະເທດ | G75: 26 | H75: 2500000 | I75: =H75/G75/8 -> 12019.231 | J75: =I75*$J$6 -> 1802.8846 | K75: =I75+J75 -> 13822.115 | L75: 1 | M75: =K75*L75 -> 13822.115
B76: MYL000006 | C76: MISS PHONEMANY BANPHACHA | D76: 2099955542 | E76: PACKING | F76: ພາຍໃນປະເທດ | G76: 26 | H76: 3500000 | I76: =H76/G76/8 -> 16826.923 | J76: =I76*$J$6 -> 2524.0385 | K76: =I76+J76 -> 19350.962 | M76: =K76*L76 -> 0
B77: MYL000007 | C77: MISS DOUANGDAO BANPHACHA | D77: 2055302407 | E77: PACKING | F77: ພາຍໃນປະເທດ | G77: 26 | H77: 3500000 | I77: =H77/G77/8 -> 16826.923 | J77: =I77*$J$6 -> 2524.0385 | K77: =I77+J77 -> 19350.962 | M77: =K77*L77 -> 0
B78: MYL202502007 | C78: MR CHANETHAVISAI PHATTHANA | D78: 2094399366 | E78: STORE TT | F78: ພາຍໃນປະເທດ | G78: 26 | H78: 5445360 | I78: =H78/G78/8 -> 26179.615 | J78: =I78*$J$6 -> 3926.9423 | K78: =I78+J78 -> 30106.558 | M78: =K78*L78 -> 0
B79: MYL202410021 | C79: MISS PANATDA | D79: 2077880077 | E79: STORE TT | F79: ພາຍໃນປະເທດ | G79: 26 | H79: 4900824 | I79: =H79/G79/8 -> 23561.654 | J79: =I79*$J$6 -> 3534.2481 | K79: =I79+J79 -> 27095.902 | M79: =K79*L79 -> 0
B80: MYL202606 | C80: MISS MAION | D80: 2078344522 | E80: Assembly_PTS | F80: ພາຍໃນປະເທດ | G80: 26 | H80: 2500000 | I80: =H80/G80/8 -> 12019.231 | J80: =I80*$J$6 -> 1802.8846 | K80: =I80+J80 -> 13822.115 | L80: 4 | M80: =K80*L80 -> 55288.462
J81: =I81*$J$6 -> 0 | K81: =I81+J81 -> 0 | M81: =K81*L81 -> 0
B101: Total | I101: =SUBTOTAL(109,I8:I100) -> 2046357.8 | J101: =SUBTOTAL(109,J8:J100) -> 306953.68 | K101: =SUBTOTAL(109,K8:K100) -> 2353311.5 | L101: =SUBTOTAL(109,L8:L100) -> 233.5 | M101: =SUBTOTAL(109,M8:M100) -> 3407674.8

Sheet ขาด-ลา-มาสาย
A5: ຕາຕະລາງຄິດໄລ່ເງີນກະກາງຄືນ ປະຈຳເດືອນ 05/2026
A6: ລ/ດ No. | B6: ລະຫັດພງ Emplyee ID | C6: ຊື່ ແລະ ນາສະກຸນ Name and Surname | D6: ຕຳແໜ່ງ Position | E6: ສັນຊາດ | F6: Days | H6: ເງິນເດືອນພື້ນຖານ Basic Salary | I6: ມາຊ້າ '1-10 ນາທີ | J6: ມາຊ້າ | K6: ລວມເປັນເງິນ | L6: ມາຊ້າ 10-30 ນາທີ | M6: ມາຊ້າ/ຄັ້ງ | N6: ລວມເປັນເງິນ | O6: ມາຊ້າ 30 ນາທີຂື້ນໄປ | P6: ມາຊ້າ/ຄັ້ງ | Q6: ລວມເປັນເງິນ | R6: ເງິນຂາດວຽກ/1ມື້ | S6: ຈຳນວນມື້ ຂາດວຽກ | T6: ລວມເປັນເງິນ ມື້ຂາດວຽກ | U6: ເງິນບໍ່ເຕັມເດືອນ/1ມື້ | V6: ຈຳນວນມື້ ບໍ່ເຕັມເດືອນ | W6: ລວມເປັນເງິນ
E7: 0 | H7: =SUBTOTAL(109,H8:H100) -> 4.2564243e+08 | I7: =SUBTOTAL(109,I8:I100) -> 730000 | J7: =SUBTOTAL(109,J8:J100) -> 39 | K7: =SUBTOTAL(109,K8:K100) -> 390000 | L7: =SUBTOTAL(109,L8:L100) -> 1460000 | M7: =SUBTOTAL(109,M8:M100) -> 1 | N7: =SUBTOTAL(109,N8:N100) -> 20000 | O7: =SUBTOTAL(109,O8:O100) -> 8185431.3 | ... W7: =SUBTOTAL(109,W8:W100) -> 11492308 | X7: 0 | Z7: 0
A8: {=_xlfn.SEQUENCE(COUNTA(B8:B100))} -> 1 | B8: {=_xlfn._xlws.FILTER(TAX!$B$7:$H$98,TAX!H7:H98,TAX!$F$7:$F$98)} -> MYL000001 | C8: MR PHICHAI EIAMWATTANASILP | D8: 66617893562 | E8: Director | F8: ຕ່າງປະເທດ | G8: 26 | H8: 68067000 | I8: 10000 | K8: =I8*J8 -> 0 | L8: 20000 | N8: =L8*M8 -> 0 | O8: =H8/G8/2 -> 1308980.8 | Q8: =O8*P8 -> 0 | R8: =H8/G8 -> 2617961.5 | T8: =R8*S8 -> 0 | U8: =H8/G8 -> 2617961.5 | W8: =U8*V8 -> 0
B9: MYL000005 | C9: MR WEERASIT LEEGCHOUR | D9: 2098388245 | E9: Deputy director 04 | F9: ຕ່າງປະເທດ | G9: 26 | H9: 13613400 | I9: 10000 | K9: =I9*J9 -> 0 | L9: 20000 | N9: =L9*M9 -> 0 | O9: =H9/G9/2 -> 261796.15 | Q9: =O9*P9 -> 0 | R9: =H9/G9 -> 523592.31 | T9: =R9*S9 -> 0 | U9: =H9/G9 -> 523592.31 | W9: =U9*V9 -> 0
B10: MYL000002 | C10: MRS Boualavanh BANPHACHA | D10: 2023333500 | E10: Deputy director 01 | F10: ພາຍໃນປະເທດ | G10: 26 | H10: 68067000 | I10: 10000 | K10: =I10*J10 -> 0 | L10: 20000 | N10: =L10*M10 -> 0 | O10: =H10/G10/2 -> 1308980.8 | Q10: =O10*P10 -> 0 | R10: =H10/G10 -> 2617961.5 | T10: =R10*S10 -> 0 | U10: =H10/G10 -> 2617961.5 | W10: =U10*V10 -> 0
B11: MYL000003 | C11: MRS DATSANY BANPHAXA | D11: 2023333800 | E11: Deputy director 02 | F11: ພາຍໃນປະເທດ | G11: 26 | H11: 27226800 | I11: 10000 | K11: =I11*J11 -> 0 | L11: 20000 | N11: =L11*M11 -> 0 | O11: =H11/G11/2 -> 523592.31 | Q11: =O11*P11 -> 0 | R11: =H11/G11 -> 1047184.6 | T11: =R11*S11 -> 0 | U11: =H11/G11 -> 1047184.6 | W11: =U11*V11 -> 0
B12: MYL000004 | C12: MISS BOUAVONE VANGVONGXAI | D12: 2076198111 | E12: Deputy director 03 | F12: ພາຍໃນປະເທດ | G12: 26 | H12: 13000000 | I12: 10000 | K12: =I12*J12 -> 0 | L12: 20000 | N12: =L12*M12 -> 0 | O12: =H12/G12/2 -> 250000 | Q12: =O12*P12 -> 0 | R12: =H12/G12 -> 500000 | T12: =R12*S12 -> 0 | U12: =H12/G12 -> 500000 | W12: =U12*V12 -> 0
B13: MYL202210001 | C13: MR ANOUSACK THAMMAVONG | D13: 2077772708 | E13: Accounting | F13: ພາຍໃນປະເທດ | G13: 26 | H13: 10000000 | I13: 10000 | K13: =I13*J13 -> 0 | L13: 20000 | N13: =L13*M13 -> 0 | O13: =H13/G13/2 -> 192307.69 | Q13: =O13*P13 -> 0 | R13: =H13/G13 -> 384615.38 | T13: =R13*S13 -> 0 | U13: =H13/G13 -> 384615.38 | W13: =U13*V13 -> 0
B14: MYL202001001 | C14: MR SONESAVANH PHENGPHINIT | D14: 02092539860 | E14: Accounting | F14: ພາຍໃນປະເທດ | G14: 26 | H14: 6832000 | I14: 10000 | K14: =I14*J14 -> 0 | L14: 20000 | N14: =L14*M14 -> 0 | O14: =H14/G14/2 -> 131384.62 | Q14: =O14*P14 -> 0 | R14: =H14/G14 -> 262769.23 | T14: =R14*S14 -> 0 | U14: =H14/G14 -> 262769.23 | W14: =U14*V14 -> 0
B15: MYL202408005 | C15: MISS CHANSAMONE PHANTHALAVONG | D15: 2099701293 | E15: Planning | F15: ພາຍໃນປະເທດ | G15: 26 | H15: 6000000 | I15: 10000 | K15: =I15*J15 -> 0 | L15: 20000 | N15: =L15*M15 -> 0 | O15: =H15/G15/2 -> 115384.62 | Q15: =O15*P15 -> 0 | R15: =H15/G15 -> 230769.23 | T15: =R15*S15 -> 0 | U15: =H15/G15 -> 230769.23 | W15: =U15*V15 -> 0
B16: MYT202602136 | C16: MRS BOUANGUEN SOMCHANMAVONG | D16: 2056516668 | E16: Planning | F16: ພາຍໃນປະເທດ | G16: 26 | H16: 4500000 | I16: 10000 | K16: =I16*J16 -> 0 | L16: 20000 | N16: =L16*M16 -> 0 | O16: =H16/G16/2 -> 86538.462 | Q16: =O16*P16 -> 0 | R16: =H16/G16 -> 173076.92 | S16: 0.5 | T16: =R16*S16 -> 86538.462 | U16: =H16/G16 -> 173076.92 | W16: =U16*V16 -> 0
B17: MYL202606153 | C17: MR SEUAPA XAIYAVONG | D17: 2078150776 | E17: Planning | F17: ພາຍໃນປະເທດ | G17: 26 | H17: 3500000 | I17: 10000 | K17: =I17*J17 -> 0 | L17: 20000 | N17: =L17*M17 -> 0 | O17: =H17/G17/2 -> 67307.692 | Q17: =O17*P17 -> 0 | R17: =H17/G17 -> 134615.38 | T17: =R17*S17 -> 0 | U17: =H17/G17 -> 134615.38 | V17: 3 | W17: =U17*V17 -> 403846.15
B18: MYL202604144 | C18: MISS PHOSEE KIANGLANOUSIN | D18: 2076861520 | E18: OFFICE | F18: ພາຍໃນປະເທດ | G18: 26 | H18: 3500000 | I18: 10000 | K18: =I18*J18 -> 0 | L18: 20000 | N18: =L18*M18 -> 0 | O18: =H18/G18/2 -> 67307.692 | Q18: =O18*P18 -> 0 | R18: =H18/G18 -> 134615.38 | T18: =R18*S18 -> 0 | U18: =H18/G18 -> 134615.38 | W18: =U18*V18 -> 0
B19: MYL201908010 | C19: MR SAYSAMPHAN MANEEBOTH | D19: 2097545680 | E19: Logistic Staff | F19: ພາຍໃນປະເທດ | G19: 26 | H19: 5000000 | I19: 10000 | K19: =I19*J19 -> 0 | L19: 20000 | N19: =L19*M19 -> 0 | O19: =H19/G19/2 -> 96153.846 | Q19: =O19*P19 -> 0 | R19: =H19/G19 -> 192307.69 | T19: =R19*S19 -> 0 | U19: =H19/G19 -> 192307.69 | W19: =U19*V19 -> 0
B20: MYL202001036 | C20: MISS JINDA BANPHACHA | D20: 2092416077 | E20: Audit | F20: ພາຍໃນປະເທດ | G20: 26 | H20: 10550385 | I20: 10000 | K20: =I20*J20 -> 0 | L20: 20000 | N20: =L20*M20 -> 0 | O20: =H20/G20/2 -> 202892.02 | Q20: =O20*P20 -> 0 | R20: =H20/G20 -> 405784.04 | T20: =R20*S20 -> 0 | U20: =H20/G20 -> 405784.04 | W20: =U20*V20 -> 0
B21: MYL201908016 | C21: MR AMMALIN | D21: 2023332299 | E21: Production manager 02 | F21: ພາຍໃນປະເທດ | G21: 26 | H21: 5000000 | I21: 10000 | K21: =I21*J21 -> 0 | L21: 20000 | N21: =L21*M21 -> 0 | O21: =H21/G21/2 -> 96153.846 | Q21: =O21*P21 -> 0 | R21: =H21/G21 -> 192307.69 | T21: =R21*S21 -> 0 | U21: =H21/G21 -> 192307.69 | W21: =U21*V21 -> 0
B22: MYL202001049 | C22: MR BOUNPON | D22: 2078916853 | E22: Production manager 02 | F22: ພາຍໃນປະເທດ | G22: 26 | H22: 4000000 | I22: 10000 | K22: =I22*J22 -> 0 | L22: 20000 | N22: =L22*M22 -> 0 | O22: =H22/G22/2 -> 76923.077 | Q22: =O22*P22 -> 0 | R22: =H22/G22 -> 153846.15 | T22: =R22*S22 -> 0 | U22: =H22/G22 -> 153846.15 | W22: =U22*V22 -> 0
B23: MYL000009 | C23: MR SONE | D23: 0 | E23: Security Staff | F23: ພາຍໃນປະເທດ | G23: 26 | H23: 10550385 | I23: 10000 | K23: =I23*J23 -> 0 | L23: 20000 | N23: =L23*M23 -> 0 | O23: =H23/G23/2 -> 202892.02 | Q23: =O23*P23 -> 0 | R23: =H23/G23 -> 405784.04 | T23: =R23*S23 -> 0 | U23: =H23/G23 -> 405784.04 | W23: =U23*V23 -> 0
B24: MYL202401027 | C24: MRS NIK CHANTHANET | D24: 2056339678 | E24: Maid Staff | F24: ພາຍໃນປະເທດ | G24: 26 | H24: 2702000 | I24: 10000 | K24: =I24*J24 -> 0 | L24: 20000 | N24: =L24*M24 -> 0 | O24: =H24/G24/2 -> 51961.538 | Q24: =O24*P24 -> 0 | R24: =H24/G24 -> 103923.08 | T24: =R24*S24 -> 0 | U24: =H24/G24 -> 103923.08 | W24: =U24*V24 -> 0
B25: MYL201908028 | C25: MR TERY KHAMKOUNA | D25: 02059103026 | E25: Engineering | F25: ພາຍໃນປະເທດ | G25: 26 | H25: 5000000 | I25: 10000 | J25: 9 | K25: =I25*J25 -> 90000 | L25: 20000 | N25: =L25*M25 -> 0 | O25: =H25/G25/2 -> 96153.846 | Q25: =O25*P25 -> 0 | R25: =H25/G25 -> 192307.69 | S25: 1 | T25: =R25*S25 -> 192307.69 | U25: =H25/G25 -> 192307.69 | W25: =U25*V25 -> 0
B26: MYL202507076 | C26: MR XAYSONGKHAM SOMSANITH | D26: 2056211706 | E26: Engineering | F26: ພາຍໃນປະເທດ | G26: 26 | H26: 4500000 | I26: 10000 | J26: 5 | K26: =I26*J26 -> 50000 | L26: 20000 | N26: =L26*M26 -> 0 | O26: =H26/G26/2 -> 86538.462 | Q26: =O26*P26 -> 0 | R26: =H26/G26 -> 173076.92 | T26: =R26*S26 -> 0 | U26: =H26/G26 -> 173076.92 | W26: =U26*V26 -> 0
B27: MYL201908026 | C27: MR SONGKAN PHACHANSITTHI | D27: 2054612045 | E27: QC Manager 02 | F27: ພາຍໃນປະເທດ | G27: 26 | H27: 4000000 | I27: 10000 | K27: =I27*J27 -> 0 | L27: 20000 | N27: =L27*M27 -> 0 | O27: =H27/G27/2 -> 76923.077 | Q27: =O27*P27 -> 0 | R27: =H27/G27 -> 153846.15 | T27: =R27*S27 -> 0 | U27: =H27/G27 -> 153846.15 | W27: =U27*V27 -> 0
B28: MYL202504064 | C28: MISS NALIN SYHALATH | D28: 2098953256 | E28: QC PTS | F28: ພາຍໃນປະເທດ | G28: 26 | H28: 2600000 | I28: 10000 | K28: =I28*J28 -> 0 | L28: 20000 | M28: 1 | N28: =L28*M28 -> 20000 | O28: =H28/G28/2 -> 50000 | Q28: =O28*P28 -> 0 | R28: =H28/G28 -> 100000 | S28: 2 | T28: =R28*S28 -> 200000 | U28: =H28/G28 -> 100000 | W28: =U28*V28 -> 0
B29: MYL202606160 | C29: MISS LAMPHAI THUMMAVONGE | D29: 2091381527 | E29: QC SAS | F29: ພາຍໃນປະເທດ | G29: 26 | H29: 2500000 | I29: 10000 | J29: 1 | K29: =I29*J29 -> 10000 | L29: 20000 | N29: =L29*M29 -> 0 | O29: =H29/G29/2 -> 48076.923 | Q29: =O29*P29 -> 0 | R29: =H29/G29 -> 96153.846 | S29: 2 | T29: =R29*S29 -> 192307.69 | U29: =H29/G29 -> 96153.846 | V29: 14 | W29: =U29*V29 -> 1346153.8
B30: MYL202301037 | C30: MRS PHOULATSAMY SETTHATHILATH | D30: 2077074510 | E30: STORE PTS | F30: ພາຍໃນປະເທດ | G30: 26 | H30: 3300000 | I30: 10000 | K30: =I30*J30 -> 0 | L30: 20000 | N30: =L30*M30 -> 0 | O30: =H30/G30/2 -> 63461.538 | Q30: =O30*P30 -> 0 | R30: =H30/G30 -> 126923.08 | T30: =R30*S30 -> 0 | U30: =H30/G30 -> 126923.08 | W30: =U30*V30 -> 0
B31: MYT202602133 | C31: MR BOUNTHAVY KOMKAIYASONE | D31: 2097221714 | E31: STORE PTS | F31: ພາຍໃນປະເທດ | G31: 26 | H31: 2600000 | I31: 10000 | K31: =I31*J31 -> 0 | L31: 20000 | N31: =L31*M31 -> 0 | O31: =H31/G31/2 -> 50000 | Q31: =O31*P31 -> 0 | R31: =H31/G31 -> 100000 | S31: 2 | T31: =R31*S31 -> 200000 | U31: =H31/G31 -> 100000 | W31: =U31*V31 -> 0
B32: MYL202404006 | C32: MR SENGMANY PHATTHANA | D32: 2059597282 | E32: STORE OTS | F32: ພາຍໃນປະເທດ | G32: 26 | H32: 3300000 | I32: 10000 | K32: =I32*J32 -> 0 | L32: 20000 | N32: =L32*M32 -> 0 | O32: =H32/G32/2 -> 63461.538 | Q32: =O32*P32 -> 0 | R32: =H32/G32 -> 126923.08 | S32: 4 | T32: =R32*S32 -> 507692.31 | U32: =H32/G32 -> 126923.08 | W32: =U32*V32 -> 0
B33: MYL202601128 | C33: MR KHAMPHASITH XAYYAJACK | D33: 2077412771 | E33: STORE OTS | F33: ພາຍໃນປະເທດ | G33: 26 | H33: 2600000 | I33: 10000 | K33: =I33*J33 -> 0 | L33: 20000 | N33: =L33*M33 -> 0 | O33: =H33/G33/2 -> 50000 | Q33: =O33*P33 -> 0 | R33: =H33/G33 -> 100000 | T33: =R33*S33 -> 0 | U33: =H33/G33 -> 100000 | V33: 12 | W33: =U33*V33 -> 1200000
B34: MYL202606162 | C34: MISS KHONESAVANH CHANTHALAY | D34: 2096532048 | E34: STORE OTS | F34: ພາຍໃນປະເທດ | G34: 26 | H34: 2500000 | I34: 10000 | K34: =I34*J34 -> 0 | L34: 20000 | N34: =L34*M34 -> 0 | O34: =H34/G34/2 -> 48076.923 | Q34: =O34*P34 -> 0 | R34: =H34/G34 -> 96153.846 | T34: =R34*S34 -> 0 | U34: =H34/G34 -> 96153.846 | V34: 14 | W34: =U34*V34 -> 1346153.8
B35: MYL202001035 | C35: MRS TOUKTA PONGSIMMALY | D35: 2057706864 | E35: STORE SAS | F35: ພາຍໃນປະເທດ | G35: 26 | H35: 3300000 | I35: 10000 | K35: =I35*J35 -> 0 | L35: 20000 | N35: =L35*M35 -> 0 | O35: =H35/G35/2 -> 63461.538 | Q35: =O35*P35 -> 0 | R35: =H35/G35 -> 126923.08 | T35: =R35*S35 -> 0 | U35: =H35/G35 -> 126923.08 | W35: =U35*V35 -> 0
B36: MYL202605151 | C36: MR SOULIYA | D36: 2099427578 | E36: STORE SAS | F36: ພາຍໃນປະເທດ | G36: 26 | H36: 2600000 | I36: 10000 | J36: 5 | K36: =I36*J36 -> 50000 | L36: 20000 | N36: =L36*M36 -> 0 | O36: =H36/G36/2 -> 50000 | Q36: =O36*P36 -> 0 | R36: =H36/G36 -> 100000 | S36: 2 | T36: =R36*S36 -> 200000 | U36: =H36/G36 -> 100000 | V36: 17 | W36: =U36*V36 -> 1700000
B37: MYL202201050 | C37: MR TOUTONNAM KHOUNSAVANH | D37: 2093949318 | E37: Welding PTS | F37: ພາຍໃນປະເທດ | G37: 26 | H37: 3300000 | I37: 10000 | J37: 1 | K37: =I37*J37 -> 10000 | L37: 20000 | N37: =L37*M37 -> 0 | O37: =H37/G37/2 -> 63461.538 | Q37: =O37*P37 -> 0 | R37: =H37/G37 -> 126923.08 | T37: =R37*S37 -> 0 | U37: =H37/G37 -> 126923.08 | W37: =U37*V37 -> 0
B38: MYL202502061 | C38: MR KHONESAVANH SYTHAVONG | D38: 2096870409 | E38: Welding PTS | F38: ພາຍໃນປະເທດ | G38: 26 | H38: 2600000 | I38: 10000 | K38: =I38*J38 -> 0 | L38: 20000 | N38: =L38*M38 -> 0 | O38: =H38/G38/2 -> 50000 | P38: 1 | Q38: =O38*P38 -> 50000 | R38: =H38/G38 -> 100000 | S38: 4.5 | T38: =R38*S38 -> 450000 | U38: =H38/G38 -> 100000 | V38: 4 | W38: =U38*V38 -> 400000
B39: MYL202504072 | C39: MR BACKHAM XAISONGKHAM | D39: 2093768539 | E39: Welding PTS | F39: ພາຍໃນປະເທດ | G39: 26 | H39: 2600000 | I39: 10000 | K39: =I39*J39 -> 0 | L39: 20000 | N39: =L39*M39 -> 0 | O39: =H39/G39/2 -> 50000 | Q39: =O39*P39 -> 0 | R39: =H39/G39 -> 100000 | T39: =R39*S39 -> 0 | U39: =H39/G39 -> 100000 | W39: =U39*V39 -> 0
B40: MYL202509108 | C40: MR SEEVA PONGSIMMALY | D40: 2056238018 | E40: Welding PTS | F40: ພາຍໃນປະເທດ | G40: 26 | H40: 2600000 | I40: 10000 | K40: =I40*J40 -> 0 | L40: 20000 | N40: =L40*M40 -> 0 | O40: =H40/G40/2 -> 50000 | Q40: =O40*P40 -> 0 | R40: =H40/G40 -> 100000 | T40: =R40*S40 -> 0 | U40: =H40/G40 -> 100000 | W40: =U40*V40 -> 0
B41: MYL202509109 | C41: MR YOD CHAMPA | D41: 2091295633 | E41: Welding PTS | F41: ພາຍໃນປະເທດ | G41: 26 | H41: 2600000 | I41: 10000 | J41: 1 | K41: =I41*J41 -> 10000 | L41: 20000 | N41: =L41*M41 -> 0 | O41: =H41/G41/2 -> 50000 | Q41: =O41*P41 -> 0 | R41: =H41/G41 -> 100000 | S41: 1.5 | T41: =R41*S41 -> 150000 | U41: =H41/G41 -> 100000 | W41: =U41*V41 -> 0
B42: MYT202604143 | C42: MR BOUNSAVATH PHETKHAMBOONHUEANG | D42: 2099099712 | E42: Welding PTS | F42: ພາຍໃນປະເທດ | G42: 26 | H42: 2500000 | I42: 10000 | K42: =I42*J42 -> 0 | L42: 20000 | N42: =L42*M42 -> 0 | O42: =H42/G42/2 -> 48076.923 | Q42: =O42*P42 -> 0 | R42: =H42/G42 -> 96153.846 | S42: 1 | T42: =R42*S42 -> 96153.846 | U42: =H42/G42 -> 96153.846 | W42: =U42*V42 -> 0
B43: MYL202405041 | C43: MR BOUNXUEN SISOMBOUN | D43: 2057922285 | E43: Welding OTS 1 | F43: ພາຍໃນປະເທດ | G43: 26 | H43: 2702000 | I43: 10000 | K43: =I43*J43 -> 0 | L43: 20000 | N43: =L43*M43 -> 0 | O43: =H43/G43/2 -> 51961.538 | Q43: =O43*P43 -> 0 | R43: =H43/G43 -> 103923.08 | T43: =R43*S43 -> 0 | U43: =H43/G43 -> 103923.08 | W43: =U43*V43 -> 0
B44: MYL202503042 | C44: MR PHOLIYA | D44: 2091948440 | E44: Welding OTS 1 | F44: ພາຍໃນປະເທດ | G44: 26 | H44: 2600000 | I44: 10000 | J44: 6 | K44: =I44*J44 -> 60000 | L44: 20000 | N44: =L44*M44 -> 0 | O44: =H44/G44/2 -> 50000 | Q44: =O44*P44 -> 0 | R44: =H44/G44 -> 100000 | S44: 4 | T44: =R44*S44 -> 400000 | U44: =H44/G44 -> 100000 | W44: =U44*V44 -> 0
B45: MYL202502048 | C45: MR XAYSANA CHANTHAVILAY | D45: 2097690329 | E45: Welding OTS 1 | F45: ພາຍໃນປະເທດ | G45: 26 | H45: 2600000 | I45: 10000 | J45: 1 | K45: =I45*J45 -> 10000 | L45: 20000 | N45: =L45*M45 -> 0 | O45: =H45/G45/2 -> 50000 | Q45: =O45*P45 -> 0 | R45: =H45/G45 -> 100000 | S45: 3 | T45: =R45*S45 -> 300000 | U45: =H45/G45 -> 100000 | W45: =U45*V45 -> 0
B46: MYL202601088 | C46: MR SAYYAPHONE CHAMPA | D46: 2076162127 | E46: Welding OTS 1 | F46: ພາຍໃນປະເທດ | G46: 26 | H46: 2600000 | I46: 10000 | K46: =I46*J46 -> 0 | L46: 20000 | N46: =L46*M46 -> 0 | O46: =H46/G46/2 -> 50000 | Q46: =O46*P46 -> 0 | R46: =H46/G46 -> 100000 | S46: 3 | T46: =R46*S46 -> 300000 | U46: =H46/G46 -> 100000 | W46: =U46*V46 -> 0
B47: MYL202505089 | C47: MR VONGDEUAN PHIMMASOME | D47: 2059784851 | E47: Welding OTS 1 | F47: ພາຍໃນປະເທດ | G47: 26 | H47: 2600000 | I47: 10000 | K47: =I47*J47 -> 0 | L47: 20000 | N47: =L47*M47 -> 0 | O47: =H47/G47/2 -> 50000 | Q47: =O47*P47 -> 0 | R47: =H47/G47 -> 100000 | T47: =R47*S47 -> 0 | U47: =H47/G47 -> 100000 | W47: =U47*V47 -> 0
B48: MYL202507103 | C48: MR NOUZING SEELANAM | D48: 2093462059 | E48: Welding OTS 1 | F48: ພາຍໃນປະເທດ | G48: 26 | H48: 2600000 | I48: 10000 | K48: =I48*J48 -> 0 | L48: 20000 | N48: =L48*M48 -> 0 | O48: =H48/G48/2 -> 50000 | Q48: =O48*P48 -> 0 | R48: =H48/G48 -> 100000 | S48: 4 | T48: =R48*S48 -> 400000 | U48: =H48/G48 -> 100000 | W48: =U48*V48 -> 0
B49: MYL202606157 | C49: MR PHOUTHONE CHANTHAVONGSA | D49: 2095105674 | E49: Welding OTS 1 | F49: ພາຍໃນປະເທດ | G49: 26 | H49: 2500000 | I49: 10000 | K49: =I49*J49 -> 0 | L49: 20000 | N49: =L49*M49 -> 0 | O49: =H49/G49/2 -> 48076.923 | Q49: =O49*P49 -> 0 | R49: =H49/G49 -> 96153.846 | T49: =R49*S49 -> 0 | U49: =H49/G49 -> 96153.846 | V49: 6 | W49: =U49*V49 -> 576923.08
B50: MYL201908038 | C50: MR PHONEPHANA SINGSUAYKEO | D50: 2077111088 | E50: Welding OTS 2 | F50: ພາຍໃນປະເທດ | G50: 26 | H50: 4000000 | I50: 10000 | K50: =I50*J50 -> 0 | L50: 20000 | N50: =L50*M50 -> 0 | O50: =H50/G50/2 -> 76923.077 | Q50: =O50*P50 -> 0 | R50: =H50/G50 -> 153846.15 | S50: 1 | T50: =R50*S50 -> 153846.15 | U50: =H50/G50 -> 153846.15 | W50: =U50*V50 -> 0
B51: MYL202502043 | C51: MR JONENY CHAMPA | D51: 2058802628 | E51: Welding OTS 2 | F51: ພາຍໃນປະເທດ | G51: 26 | H51: 2600000 | I51: 10000 | K51: =I51*J51 -> 0 | L51: 20000 | N51: =L51*M51 -> 0 | O51: =H51/G51/2 -> 50000 | Q51: =O51*P51 -> 0 | R51: =H51/G51 -> 100000 | T51: =R51*S51 -> 0 | U51: =H51/G51 -> 100000 | W51: =U51*V51 -> 0
B52: MYL202504055 | C52: MR BOUNMA SOUTHALIN | D52: 2099388176 | E52: Welding OTS 2 | F52: ພາຍໃນປະເທດ | G52: 26 | H52: 2600000 | I52: 10000 | K52: =I52*J52 -> 0 | L52: 20000 | N52: =L52*M52 -> 0 | O52: =H52/G52/2 -> 50000 | Q52: =O52*P52 -> 0 | R52: =H52/G52 -> 100000 | T52: =R52*S52 -> 0 | U52: =H52/G52 -> 100000 | W52: =U52*V52 -> 0
B53: MYL202507097 | C53: MR CHAT SAENGARLUON | D53: 2093107685 | E53: Welding OTS 2 | F53: ພາຍໃນປະເທດ | G53: 26 | H53: 2600000 | I53: 10000 | J53: 5 | K53: =I53*J53 -> 50000 | L53: 20000 | N53: =L53*M53 -> 0 | O53: =H53/G53/2 -> 50000 | Q53: =O53*P53 -> 0 | R53: =H53/G53 -> 100000 | S53: 1 | T53: =R53*S53 -> 100000 | U53: =H53/G53 -> 100000 | W53: =U53*V53 -> 0
B54: MYL202507101 | C54: MR BOUNKEUTH NORLATH | D54: 2094297776 | E54: Welding OTS 2 | F54: ພາຍໃນປະເທດ | G54: 26 | H54: 2500000 | I54: 10000 | K54: =I54*J54 -> 0 | L54: 20000 | N54: =L54*M54 -> 0 | O54: =H54/G54/2 -> 48076.923 | Q54: =O54*P54 -> 0 | R54: =H54/G54 -> 96153.846 | S54: 2 | T54: =R54*S54 -> 192307.69 | U54: =H54/G54 -> 96153.846 | W54: =U54*V54 -> 0
B55: MYL202601126 | C55: MR BONETHANA SYPASUET | D55: 2098614922 | E55: Welding OTS 2 | F55: ພາຍໃນປະເທດ | G55: 26 | H55: 2600000 | I55: 10000 | K55: =I55*J55 -> 0 | L55: 20000 | N55: =L55*M55 -> 0 | O55: =H55/G55/2 -> 50000 | Q55: =O55*P55 -> 0 | R55: =H55/G55 -> 100000 | T55: =R55*S55 -> 0 | U55: =H55/G55 -> 100000 | W55: =U55*V55 -> 0
B56: MYL202605148 | C56: MR VILAYLACK SEEMIXAI | D56: 2056183148 | E56: Welding OTS 2 | F56: ພາຍໃນປະເທດ | G56: 26 | H56: 2500000 | I56: 10000 | K56: =I56*J56 -> 0 | L56: 20000 | N56: =L56*M56 -> 0 | O56: =H56/G56/2 -> 48076.923 | Q56: =O56*P56 -> 0 | R56: =H56/G56 -> 96153.846 | S56: 2 | T56: =R56*S56 -> 192307.69 | U56: =H56/G56 -> 96153.846 | W56: =U56*V56 -> 0
B57: MYL202606154 | C57: MR THUDSAPHONE HOUNGLADSAMEE | D57: 2097845973 | E57: Welding OTS 2 | F57: ພາຍໃນປະເທດ | G57: 26 | H57: 2500000 | I57: 10000 | K57: =I57*J57 -> 0 | L57: 20000 | N57: =L57*M57 -> 0 | O57: =H57/G57/2 -> 48076.923 | Q57: =O57*P57 -> 0 | R57: =H57/G57 -> 96153.846 | S57: 1 | T57: =R57*S57 -> 96153.846 | U57: =H57/G57 -> 96153.846 | V57: 6 | W57: =U57*V57 -> 576923.08
B58: MYL202001008 | C58: MRS SAVINY PHOUTTHALAKSA | D58: 2099481761 | E58: Valve Assembly | F58: ພາຍໃນປະເທດ | G58: 26 | H58: 2865137.8 | I58: 10000 | K58: =I58*J58 -> 0 | L58: 20000 | N58: =L58*M58 -> 0 | O58: =H58/G58/2 -> 55098.804 | Q58: =O58*P58 -> 0 | R58: =H58/G58 -> 110197.61 | T58: =R58*S58 -> 0 | U58: =H58/G58 -> 110197.61 | W58: =U58*V58 -> 0
B59: MYL202501009 | C59: MRS SUINOY THILAKHAMPHIW | D59: 2077053990 | E59: Valve Assembly | F59: ພາຍໃນປະເທດ | G59: 26 | H59: 2600000 | I59: 10000 | K59: =I59*J59 -> 0 | L59: 20000 | N59: =L59*M59 -> 0 | O59: =H59/G59/2 -> 50000 | Q59: =O59*P59 -> 0 | R59: =H59/G59 -> 100000 | S59: 2 | T59: =R59*S59 -> 200000 | U59: =H59/G59 -> 100000 | W59: =U59*V59 -> 0
B60: MYL202001019 | C60: MRS VANNAPHA VONGCHANDY | D60: 2051502770 | E60: PISTON Assembly | F60: ພາຍໃນປະເທດ | G60: 26 | H60: 2865137.8 | I60: 10000 | K60: =I60*J60 -> 0 | L60: 20000 | N60: =L60*M60 -> 0 | O60: =H60/G60/2 -> 55098.804 | Q60: =O60*P60 -> 0 | R60: =H60/G60 -> 110197.61 | T60: =R60*S60 -> 0 | U60: =H60/G60 -> 110197.61 | W60: =U60*V60 -> 0
B61: MYL202509115 | C61: MRS TOUNY SENGSOULIN | D61: 2091940060 | E61: PISTON Assembly | F61: ພາຍໃນປະເທດ | G61: 26 | H61: 2600000 | I61: 10000 | K61: =I61*J61 -> 0 | L61: 20000 | N61: =L61*M61 -> 0 | O61: =H61/G61/2 -> 50000 | Q61: =O61*P61 -> 0 | R61: =H61/G61 -> 100000 | S61: 2 | T61: =R61*S61 -> 200000 | U61: =H61/G61 -> 100000 | W61: =U61*V61 -> 0
B62: MYL201908033 | C62: MR SIPHAN KITTILATH | D62: 2051502770 | E62: Assembly_PTS | F62: ພາຍໃນປະເທດ | G62: 26 | H62: 3300000 | I62: 10000 | K62: =I62*J62 -> 0 | L62: 20000 | N62: =L62*M62 -> 0 | O62: =H62/G62/2 -> 63461.538 | Q62: =O62*P62 -> 0 | R62: =H62/G62 -> 126923.08 | T62: =R62*S62 -> 0 | U62: =H62/G62 -> 126923.08 | W62: =U62*V62 -> 0
B63: MYL202502017 | C63: MRS KHAMPHOUVI SETTHATHILATH | D63: 2095818828 | E63: Assembly_PTS | F63: ພາຍໃນປະເທດ | G63: 26 | H63: 2600000 | I63: 10000 | K63: =I63*J63 -> 0 | L63: 20000 | N63: =L63*M63 -> 0 | O63: =H63/G63/2 -> 50000 | Q63: =O63*P63 -> 0 | R63: =H63/G63 -> 100000 | T63: =R63*S63 -> 0 | U63: =H63/G63 -> 100000 | W63: =U63*V63 -> 0
B64: MYL202405034 | C64: MRS TOUKTA ORLADASITH | D64: 2096080362 | E64: Assembly_PTS | F64: ພາຍໃນປະເທດ | G64: 26 | H64: 2668000 | I64: 10000 | K64: =I64*J64 -> 0 | L64: 20000 | N64: =L64*M64 -> 0 | O64: =H64/G64/2 -> 51307.692 | Q64: =O64*P64 -> 0 | R64: =H64/G64 -> 102615.38 | T64: =R64*S64 -> 0 | U64: =H64/G64 -> 102615.38 | W64: =U64*V64 -> 0
A65: 1 | B65: MYT202511121 | C65: MR KHAMPHENG SENGDALA | D65: 2058128091 | E65: Assembly_PTS | F65: ພາຍໃນປະເທດ | G65: 26 | H65: 2600000 | I65: 10000 | J65: 1 | K65: =I65*J65 -> 10000 | L65: 20000 | N65: =L65*M65 -> 0 | O65: =H65/G65/2 -> 50000 | Q65: =O65*P65 -> 0 | R65: =H65/G65 -> 100000 | S65: 1 | T65: =R65*S65 -> 100000 | U65: =H65/G65 -> 100000 | W65: =U65*V65 -> 0
B66: MYL202604145 | C66: MRS SUAY SENGDALA | D66: 2077315902 | E66: Assembly_PTS | F66: ພາຍໃນປະເທດ | G66: 26 | H66: 2500000 | I66: 10000 | J66: 1 | K66: =I66*J66 -> 10000 | L66: 20000 | N66: =L66*M66 -> 0 | O66: =H66/G66/2 -> 48076.923 | Q66: =O66*P66 -> 0 | R66: =H66/G66 -> 96153.846 | S66: 5 | T66: =R66*S66 -> 480769.23 | U66: =H66/G66 -> 96153.846 | V66: 6 | W66: =U66*V66 -> 576923.08
B67: MYL202405063 | C67: MR LOUNGMISAY SINPASEUTH | D67: 2098774705 | E67: Assembly SAS | F67: ພາຍໃນປະເທດ | G67: 26 | H67: 3300000 | I67: 10000 | K67: =I67*J67 -> 0 | L67: 20000 | N67: =L67*M67 -> 0 | O67: =H67/G67/2 -> 63461.538 | Q67: =O67*P67 -> 0 | R67: =H67/G67 -> 126923.08 | T67: =R67*S67 -> 0 | U67: =H67/G67 -> 126923.08 | W67: =U67*V67 -> 0
B68: MYL202406012 | C68: MR JIMMY KETTAVONG | D68: 2091940060 | E68: Assembly SAS | F68: ພາຍໃນປະເທດ | G68: 26 | H68: 2685000 | I68: 10000 | K68: =I68*J68 -> 0 | L68: 20000 | N68: =L68*M68 -> 0 | O68: =H68/G68/2 -> 51634.615 | Q68: =O68*P68 -> 0 | R68: =H68/G68 -> 103269.23 | T68: =R68*S68 -> 0 | U68: =H68/G68 -> 103269.23 | W68: =U68*V68 -> 0
B69: MYL202405031 | C69: MR NOUPHONE CHANTHAMALY | D69: 2057025508 | E69: Assembly SAS | F69: ພາຍໃນປະເທດ | G69: 26 | H69: 2702000 | I69: 10000 | K69: =I69*J69 -> 0 | L69: 20000 | N69: =L69*M69 -> 0 | O69: =H69/G69/2 -> 51961.538 | Q69: =O69*P69 -> 0 | R69: =H69/G69 -> 103923.08 | T69: =R69*S69 -> 0 | U69: =H69/G69 -> 103923.08 | W69: =U69*V69 -> 0
B70: MYL202504053 | C70: MISS SOUTSADA SOUTHALIN | D70: 2096593001 | E70: Assembly SAS | F70: ພາຍໃນປະເທດ | G70: 26 | H70: 2600000 | I70: 10000 | K70: =I70*J70 -> 0 | L70: 20000 | N70: =L70*M70 -> 0 | O70: =H70/G70/2 -> 50000 | Q70: =O70*P70 -> 0 | R70: =H70/G70 -> 100000 | T70: =R70*S70 -> 0 | U70: =H70/G70 -> 100000 | W70: =U70*V70 -> 0
B71: MYL202505080 | C71: MR BOM CHANTHALATH | D71: 2077522028 | E71: Assembly SAS | F71: ພາຍໃນປະເທດ | G71: 26 | H71: 2600000 | I71: 10000 | K71: =I71*J71 -> 0 | L71: 20000 | N71: =L71*M71 -> 0 | O71: =H71/G71/2 -> 50000 | Q71: =O71*P71 -> 0 | R71: =H71/G71 -> 100000 | T71: =R71*S71 -> 0 | U71: =H71/G71 -> 100000 | W71: =U71*V71 -> 0
B72: MYL202505090 | C72: MR SOUKCHAI XAISONGKHARM | D72: 2094049929 | E72: Assembly SAS | F72: ພາຍໃນປະເທດ | G72: 26 | H72: 2500000 | I72: 10000 | J72: 2 | K72: =I72*J72 -> 20000 | L72: 20000 | N72: =L72*M72 -> 0 | O72: =H72/G72/2 -> 48076.923 | Q72: =O72*P72 -> 0 | R72: =H72/G72 -> 96153.846 | S72: 5 | T72: =R72*S72 -> 480769.23 | U72: =H72/G72 -> 96153.846 | W72: =U72*V72 -> 0
B73: MYL202606161 | C73: MR PHOUTHASONE SEELIVONGE | D73: 2092862090 | E73: Assembly SAS | F73: ພາຍໃນປະເທດ | G73: 26 | H73: 2500000 | I73: 10000 | J73: 1 | K73: =I73*J73 -> 10000 | L73: 20000 | N73: =L73*M73 -> 0 | O73: =H73/G73/2 -> 48076.923 | Q73: =O73*P73 -> 0 | R73: =H73/G73 -> 96153.846 | S73: 2 | T73: =R73*S73 -> 192307.69 | U73: =H73/G73 -> 96153.846 | V73: 14 | W73: =U73*V73 -> 1346153.8
B74: MYL202502032 | C74: MR BAIPHONE SYTHALATH | D74: 2092797378 | E74: PACKING | F74: ພາຍໃນປະເທດ | G74: 26 | H74: 2600000 | I74: 10000 | K74: =I74*J74 -> 0 | L74: 20000 | N74: =L74*M74 -> 0 | O74: =H74/G74/2 -> 50000 | Q74: =O74*P74 -> 0 | R74: =H74/G74 -> 100000 | T74: =R74*S74 -> 0 | U74: =H74/G74 -> 100000 | W74: =U74*V74 -> 0
B75: MYL202503139 | C75: MR VANHOUDONE PHOMMATHAI | D75: 2094335180 | E75: PACKING | F75: ພາຍໃນປະເທດ | G75: 26 | H75: 2500000 | I75: 10000 | K75: =I75*J75 -> 0 | L75: 20000 | N75: =L75*M75 -> 0 | O75: =H75/G75/2 -> 48076.923 | Q75: =O75*P75 -> 0 | R75: =H75/G75 -> 96153.846 | S75: 7 | T75: =R75*S75 -> 673076.92 | U75: =H75/G75 -> 96153.846 | V75: 12 | W75: =U75*V75 -> 1153846.2
B76: MYL000006 | C76: MISS PHONEMANY BANPHACHA | D76: 2099955542 | E76: PACKING | F76: ພາຍໃນປະເທດ | G76: 26 | H76: 3500000 | I76: 10000 | K76: =I76*J76 -> 0 | L76: 20000 | N76: =L76*M76 -> 0 | O76: =H76/G76/2 -> 67307.692 | Q76: =O76*P76 -> 0 | R76: =H76/G76 -> 134615.38 | T76: =R76*S76 -> 0 | U76: =H76/G76 -> 134615.38 | W76: =U76*V76 -> 0
B77: MYL000007 | C77: MISS DOUANGDAO BANPHACHA | D77: 2055302407 | E77: PACKING | F77: ພາຍໃນປະເທດ | G77: 26 | H77: 3500000 | I77: 10000 | K77: =I77*J77 -> 0 | L77: 20000 | N77: =L77*M77 -> 0 | O77: =H77/G77/2 -> 67307.692 | Q77: =O77*P77 -> 0 | R77: =H77/G77 -> 134615.38 | T77: =R77*S77 -> 0 | U77: =H77/G77 -> 134615.38 | W77: =U77*V77 -> 0
B78: MYL202502007 | C78: MR CHANETHAVISAI PHATTHANA | D78: 2094399366 | E78: STORE TT | F78: ພາຍໃນປະເທດ | G78: 26 | H78: 5445360 | I78: 10000 | K78: =I78*J78 -> 0 | L78: 20000 | N78: =L78*M78 -> 0 | O78: =H78/G78/2 -> 104718.46 | Q78: =O78*P78 -> 0 | R78: =H78/G78 -> 209436.92 | T78: =R78*S78 -> 0 | U78: =H78/G78 -> 209436.92 | W78: =U78*V78 -> 0
B79: MYL202410021 | C79: MISS PANATDA | D79: 2077880077 | E79: STORE TT | F79: ພາຍໃນປະເທດ | G79: 26 | H79: 4900824 | I79: 10000 | K79: =I79*J79 -> 0 | L79: 20000 | N79: =L79*M79 -> 0 | O79: =H79/G79/2 -> 94246.615 | Q79: =O79*P79 -> 0 | R79: =H79/G79 -> 188493.23 | S79: 1 | T79: =R79*S79 -> 188493.23 | U79: =H79/G79 -> 188493.23 | W79: =U79*V79 -> 0
B80: MYL202606 | C80: MISS MAION | D80: 2078344522 | E80: Assembly_PTS | F80: ພາຍໃນປະເທດ | G80: 26 | H80: 2500000 | I80: 10000 | K80: =I80*J80 -> 0 | L80: 20000 | N80: =L80*M80 -> 0 | O80: =H80/G80/2 -> 48076.923 | Q80: =O80*P80 -> 0 | R80: =H80/G80 -> 96153.846 | T80: =R80*S80 -> 0 | U80: =H80/G80 -> 96153.846 | V80: 9 | W80: =U80*V80 -> 865384.62
K81: =I81*J81 -> 0 | N81: =L81*M81 -> 0 | Q81: =O81*P81 -> 0 | T81: =R81*S81 -> 0 | W81: =U81*V81 -> 0
K82: =I82*J82 -> 0 | N82: =L82*M82 -> 0 | Q82: =O82*P82 -> 0 | T82: =R82*S82 -> 0 | W82: =U82*V82 -> 0
K83: =I83*J83 -> 0 | N83: =L83*M83 -> 0 | Q83: =O83*P83 -> 0 | T83: =R83*S83 -> 0 | W83: =U83*V83 -> 0
K84: =I84*J84 -> 0 | N84: =L84*M84 -> 0 | Q84: =O84*P84 -> 0 | T84: =R84*S84 -> 0 | W84: =U84*V84 -> 0
K85: =I85*J85 -> 0 | N85: =L85*M85 -> 0 | Q85: =O85*P85 -> 0 | T85: =R85*S85 -> 0 | W85: =U85*V85 -> 0
K86: =I86*J86 -> 0 | N86: =L86*M86 -> 0 | Q86: =O86*P86 -> 0 | T86: =R86*S86 -> 0 | W86: =U86*V86 -> 0
K87: =I87*J87 -> 0 | N87: =L87*M87 -> 0 | Q87: =O87*P87 -> 0 | T87: =R87*S87 -> 0 | W87: =U87*V87 -> 0
K88: =I88*J88 -> 0 | N88: =L88*M88 -> 0 | Q88: =O88*P88 -> 0 | T88: =R88*S88 -> 0 | W88: =U88*V88 -> 0
K89: =I89*J89 -> 0 | N89: =L89*M89 -> 0 | Q89: =O89*P89 -> 0 | T89: =R89*S89 -> 0 | W89: =U89*V89 -> 0
K90: =I90*J90 -> 0 | N90: =L90*M90 -> 0 | Q90: =O90*P90 -> 0 | T90: =R90*S90 -> 0 | W90: =U90*V90 -> 0
K91: =I91*J91 -> 0 | N91: =L91*M91 -> 0 | Q91: =O91*P91 -> 0 | T91: =R91*S91 -> 0 | W91: =U91*V91 -> 0
K92: =I92*J92 -> 0 | N92: =L92*M92 -> 0 | Q92: =O92*P92 -> 0 | T92: =R92*S92 -> 0 | W92: =U92*V92 -> 0
... K100: =I100*J100 -> 0 | N100: =L100*M100 -> 0 | Q100: =O100*P100 -> 0 | T100: =R100*S100 -> 0 | W100: =U100*V100 -> 0
A101: ລວມ | H101: =SUBTOTAL(109,H8:H100) -> 4.2564243e+08 | I101: =SUBTOTAL(109,I8:I100) -> 730000 | J101: =SUBTOTAL(109,J8:J100) -> 39 | K101: =SUBTOTAL(109,K8:K100) -> 390000 | L101: =SUBTOTAL(109,L8:L100) -> 1460000 | M101: =SUBTOTAL(109,M8:M100) -> 1 | N101: =SUBTOTAL(109,N8:N100) -> 20000 | O101: =SUBTOTAL(109,O8:O100) -> 8185431.3 | ... W101: =SUBTOTAL(109,W8:W100) -> 11492308

Sheet ເອກະສານແຈ້ງອາກອນ
A1: ສາທາລະນະລັດ ປະຊາທິປະໄຕ ປະຊາຊົນລາວ
A2: ສັນຕິພາບ ເອກະລາດ ປະຊາທິປະໄຕ ເອກະພາບ ວັດຖະນາຖາວອນ
A3: ເຂດເສດຖະກິດພີເສດ ສະຫວັນ-ເຊໂນ ບໍລິສັດ ມີຢາໂມໂຕ (ລາວ) ຈຳກັດຜູ້ດຽວ ບ້ານ ໜອງຜື ນຄອນໄກສອນ ແຂວງສະຫວັນນະເຂດ ເລກປະຈຳຕົວຜູ້ເສຍອາກອນ 045527554000 ໂທລະສັບ :+8562023333500 | E3: >>>>>>>>000000<<<<<<<<<<
E4: ໃບຄິດໄລ່ອາກອນລາຍໄດ້ ປະຈຳເດືອນ 06/2026
A6: ລ/ດ No. | B6: ລະຫັດພງ Emplyee ID | C6: ຊື່ ແລະ ນາສະກຸນ Name and Surname | D6: ຕຳແໜ່ງງານ Position | E6: ເງິນເດືອນໄດ້ຮັບ Gross Salary | F6: ຜົນປະໂຫຍດອື່ນໆ Orthers benefit | G6: ຍົກເວັ້ນ Except 200,000 Kip | H6: ສ່ວນທີ່ເສຍອາກອນ | I6: ອາກອນຕ້ອງມອບ Tax | J6: ລາຍຮັບສຸດທິ Net Salary
B7: 1 | C7: 2 | D7: 3 | E7: 4 | F7: 5 | G7: 6 | H7: (4+5)-6 = 7 | I7: 7 *5% = 8 | J7: 7-8=9
C8: 65 | E8: =SUBTOTAL(9,E9:E108) -> 3.2238857e+08 | F8: =SUBTOTAL(9,F9:F108) -> 1.4069355e+08 | G8: =SUBTOTAL(9,G9:G108) -> 14000000 | H8: =SUBTOTAL(9,H9:H108) -> 4.4908212e+08 | I8: =SUBTOTAL(9,I9:I108) -> 22454106 | J8: =SUBTOTAL(9,J9:J108) -> 4.4062802e+08
A9: {=_xlfn.SEQUENCE(COUNTA(B9:B107))} -> 1 | B9: {=_xlfn._xlws.FILTER(TAX!B7:B137,TAX!F7:F137="ພາຍໃນປະເທດ")} -> MYL000002 | C9: {=_xlfn.IFNA(VLOOKUP(B9,TAX!B:AH,{2,4},0),"")} -> MRS Boualavanh BANPHACHA | D9: Deputy director 01 | E9: =SUMIF(TAX!$B$7:$B$261,B9,TAX!$H$7:$H$261)-SUMIF(TAX!$B$7:$B$261,B9,TAX!$AA$7:$AA$261) -> 68067000 | F9: =IF(B9=(OR(0=TRUE(),""=TRUE())),0,((SUMIF(TAX!$B$7:$B$137,ເອກະສານແຈ້ງອາກອນ!B9,TAX!$AO$7:$AO$137)))) -> 0 | G9: =IF(E9+F9>200001,200000,0) -> 200000 | H9: =E9+F9-G9 -> 67867000 | I9: =H9*5% -> 3393350 | J9: =(E9+F9)-I9 -> 64673650
A10: 2 | B10: MYL000003 | C10: {=_xlfn.IFNA(VLOOKUP(B10,TAX!B:AH,{2,4},0),"")} -> MRS DATSANY BANPHAXA | D10: Deputy director 02 | E10: =SUMIF(TAX!$B$7:$B$261,B10,TAX!$H$7:$H$261)-SUMIF(TAX!$B$7:$B$261,B10,TAX!$AA$7:$AA$261) -> 27226800 | F10: =IF(B10=(OR(0=TRUE(),""=TRUE())),0,((SUMIF(TAX!$B$7:$B$137,ເອກະສານແຈ້ງອາກອນ!B10,TAX!$AO$7:$AO$137)))) -> 12254580 | G10: =IF(E10+F10>200001,200000,0) -> 200000 | H10: =E10+F10-G10 -> 39281380 | I10: =H10*5% -> 1964069 | J10: =(E10+F10)-I10 -> 37517311
A11: 3 | B11: MYL000004 | C11: {=_xlfn.IFNA(VLOOKUP(B11,TAX!B:AH,{2,4},0),"")} -> MISS BOUAVONE VANGVONGXAI | D11: Deputy director 03 | E11: =SUMIF(TAX!$B$7:$B$261,B11,TAX!$H$7:$H$261)-SUMIF(TAX!$B$7:$B$261,B11,TAX!$AA$7:$AA$261) -> 13000000 | F11: =IF(B11=(OR(0=TRUE(),""=TRUE())),0,((SUMIF(TAX!$B$7:$B$137,ເອກະສານແຈ້ງອາກອນ!B11,TAX!$AO$7:$AO$137)))) -> 0 | G11: =IF(E11+F11>200001,200000,0) -> 200000 | H11: =E11+F11-G11 -> 12800000 | I11: =H11*5% -> 640000 | J11: =(E11+F11)-I11 -> 12360000
A12: 4 | B12: MYL202210001 | C12: {=_xlfn.IFNA(VLOOKUP(B12,TAX!B:AH,{2,4},0),"")} -> MR ANOUSACK THAMMAVONG | D12: Accounting | E12: =SUMIF(TAX!$B$7:$B$261,B12,TAX!$H$7:$H$261)-SUMIF(TAX!$B$7:$B$261,B12,TAX!$AA$7:$AA$261) -> 10000000 | F12: =IF(B12=(OR(0=TRUE(),""=TRUE())),0,((SUMIF(TAX!$B$7:$B$137,ເອກະສານແຈ້ງອາກອນ!B12,TAX!$AO$7:$AO$137)))) -> 0 | G12: =IF(E12+F12>200001,200000,0) -> 200000 | H12: =E12+F12-G12 -> 9800000 | I12: =H12*5% -> 490000 | J12: =(E12+F12)-I12 -> 9510000
A13: 5 | B13: MYL202001001 | C13: {=_xlfn.IFNA(VLOOKUP(B13,TAX!B:AH,{2,4},0),"")} -> MR SONESAVANH PHENGPHINIT | D13: Accounting | E13: =SUMIF(TAX!$B$7:$B$261,B13,TAX!$H$7:$H$261)-SUMIF(TAX!$B$7:$B$261,B13,TAX!$AA$7:$AA$261) -> 6832000 | F13: =IF(B13=(OR(0=TRUE(),""=TRUE())),0,((SUMIF(TAX!$B$7:$B$137,ເອກະສານແຈ້ງອາກອນ!B13,TAX!$AO$7:$AO$137)))) -> 0 | G13: =IF(E13+F13>200001,200000,0) -> 200000 | H13: =E13+F13-G13 -> 6632000 | I13: =H13*5% -> 331600 | J13: =(E13+F13)-I13 -> 6500400
A14: 6 | B14: MYL202408005 | C14: {=_xlfn.IFNA(VLOOKUP(B14,TAX!B:AH,{2,4},0),"")} -> MISS CHANSAMONE PHANTHALAVONG | D14: Planning | E14: =SUMIF(TAX!$B$7:$B$261,B14,TAX!$H$7:$H$261)-SUMIF(TAX!$B$7:$B$261,B14,TAX!$AA$7:$AA$261) -> 6000000 | F14: =IF(B14=(OR(0=TRUE(),""=TRUE())),0,((SUMIF(TAX!$B$7:$B$137,ເອກະສານແຈ້ງອາກອນ!B14,TAX!$AO$7:$AO$137)))) -> 2000000 | G14: =IF(E14+F14>200001,200000,0) -> 200000 | H14: =E14+F14-G14 -> 7800000 | I14: =H14*5% -> 390000 | J14: =(E14+F14)-I14 -> 7610000
A15: 7 | B15: MYT202602136 | C15: {=_xlfn.IFNA(VLOOKUP(B15,TAX!B:AH,{2,4},0),"")} -> MRS BOUANGUEN SOMCHANMAVONG | D15: Planning | E15: =SUMIF(TAX!$B$7:$B$261,B15,TAX!$H$7:$H$261)-SUMIF(TAX!$B$7:$B$261,B15,TAX!$AA$7:$AA$261) -> 4319961.5 | F15: =IF(B15=(OR(0=TRUE(),""=TRUE())),0,((SUMIF(TAX!$B$7:$B$137,ເອກະສານແຈ້ງອາກອນ!B15,TAX!$AO$7:$AO$137)))) -> 1392307.7 | G15: =IF(E15+F15>200001,200000,0) -> 200000 | H15: =E15+F15-G15 -> 5512269.2 | I15: =H15*5% -> 275613.46 | J15: =(E15+F15)-I15 -> 5436655.8
A16: 8 | B16: MYL202606153 | C16: {=_xlfn.IFNA(VLOOKUP(B16,TAX!B:AH,{2,4},0),"")} -> MR SEUAPA XAIYAVONG | D16: Planning | E16: =SUMIF(TAX!$B$7:$B$261,B16,TAX!$H$7:$H$261)-SUMIF(TAX!$B$7:$B$261,B16,TAX!$AA$7:$AA$261) -> 3096153.8 | F16: =IF(B16=(OR(0=TRUE(),""=TRUE())),0,((SUMIF(TAX!$B$7:$B$137,ເອກະສານແຈ້ງອາກອນ!B16,TAX!$AO$7:$AO$137)))) -> 0 | G16: =IF(E16+F16>200001,200000,0) -> 200000 | H16: =E16+F16-G16 -> 2896153.8 | I16: =H16*5% -> 144807.69 | J16: =(E16+F16)-I16 -> 2951346.2
A17: 9 | B17: MYL202604144 | C17: {=_xlfn.IFNA(VLOOKUP(B17,TAX!B:AH,{2,4},0),"")} -> MISS PHOSEE KIANGLANOUSIN | D17: OFFICE | E17: =SUMIF(TAX!$B$7:$B$261,B17,TAX!$H$7:$H$261)-SUMIF(TAX!$B$7:$B$261,B17,TAX!$AA$7:$AA$261) -> 3500000 | F17: =IF(B17=(OR(0=TRUE(),""=TRUE())),0,((SUMIF(TAX!$B$7:$B$137,ເອກະສານແຈ້ງອາກອນ!B17,TAX!$AO$7:$AO$137)))) -> 1400000 | G17: =IF(E17+F17>200001,200000,0) -> 200000 | H17: =E17+F17-G17 -> 4700000 | I17: =H17*5% -> 235000 | J17: =(E17+F17)-I17 -> 4665000
A18: 10 | B18: MYL201908010 | C18: {=_xlfn.IFNA(VLOOKUP(B18,TAX!B:AH,{2,4},0),"")} -> MR SAYSAMPHAN MANEEBOTH | D18: Logistic Staff | E18: =SUMIF(TAX!$B$7:$B$261,B18,TAX!$H$7:$H$261)-SUMIF(TAX!$B$7:$B$261,B18,TAX!$AA$7:$AA$261) -> 4912000 | F18: =IF(B18=(OR(0=TRUE(),""=TRUE())),0,((SUMIF(TAX!$B$7:$B$137,ເອກະສານແຈ້ງອາກອນ!B18,TAX!$AO$7:$AO$137)))) -> 5376923.1 | G18: =IF(E18+F18>200001,200000,0) -> 200000 | H18: =E18+F18-G18 -> 10088923 | I18: =H18*5% -> 504446.15 | J18: =(E18+F18)-I18 -> 9784476.9
A19: 11 | B19: MYL202001036 | C19: {=_xlfn.IFNA(VLOOKUP(B19,TAX!B:AH,{2,4},0),"")} -> MISS JINDA BANPHACHA | D19: Audit | E19: =SUMIF(TAX!$B$7:$B$261,B19,TAX!$H$7:$H$261)-SUMIF(TAX!$B$7:$B$261,B19,TAX!$AA$7:$AA$261) -> 10550385 | F19: =IF(B19=(OR(0=TRUE(),""=TRUE())),0,((SUMIF(TAX!$B$7:$B$137,ເອກະສານແຈ້ງອາກອນ!B19,TAX!$AO$7:$AO$137)))) -> 0 | G19: =IF(E19+F19>200001,200000,0) -> 200000 | H19: =E19+F19-G19 -> 10350385 | I19: =H19*5% -> 517519.25 | J19: =(E19+F19)-I19 -> 10032866
A20: 12 | B20: MYL201908016 | C20: {=_xlfn.IFNA(VLOOKUP(B20,TAX!B:AH,{2,4},0),"")} -> MR AMMALIN | D20: Production manager 02 | E20: =SUMIF(TAX!$B$7:$B$261,B20,TAX!$H$7:$H$261)-SUMIF(TAX!$B$7:$B$261,B20,TAX!$AA$7:$AA$261) -> 4912000 | F20: =IF(B20=(OR(0=TRUE(),""=TRUE())),0,((SUMIF(TAX!$B$7:$B$137,ເອກະສານແຈ້ງອາກອນ!B20,TAX!$AO$7:$AO$137)))) -> 5346153.8 | G20: =IF(E20+F20>200001,200000,0) -> 200000 | H20: =E20+F20-G20 -> 10058154 | I20: =H20*5% -> 502907.69 | J20: =(E20+F20)-I20 -> 9755246.2
A21: 13 | B21: MYL202001049 | C21: {=_xlfn.IFNA(VLOOKUP(B21,TAX!B:AH,{2,4},0),"")} -> MR BOUNPON | D21: Production manager 02 | E21: =SUMIF(TAX!$B$7:$B$261,B21,TAX!$H$7:$H$261)-SUMIF(TAX!$B$7:$B$261,B21,TAX!$AA$7:$AA$261) -> 4000000 | F21: =IF(B21=(OR(0=TRUE(),""=TRUE())),0,((SUMIF(TAX!$B$7:$B$137,ເອກະສານແຈ້ງອາກອນ!B21,TAX!$AO$7:$AO$137)))) -> 4384615.4 | G21: =IF(E21+F21>200001,200000,0) -> 200000 | H21: =E21+F21-G21 -> 8184615.4 | I21: =H21*5% -> 409230.77 | J21: =(E21+F21)-I21 -> 7975384.6
... A79: 71 | B79: MYL202606 | C79: {=_xlfn.IFNA(VLOOKUP(B79,TAX!B:AH,{2,4},0),"")} -> MISS MAION | D79: Assembly_PTS | E79: =SUMIF(TAX!$B$7:$B$261,B79,TAX!$H$7:$H$261)-SUMIF(TAX!$B$7:$B$261,B79,TAX!$AA$7:$AA$261) -> 1634615.4 | F79: =IF(B79=(OR(0=TRUE(),""=TRUE())),0,((SUMIF(TAX!$B$7:$B$137,ເອກະສານແຈ້ງອາກອນ!B79,TAX!$AO$7:$AO$137)))) -> 0 | G79: =IF(E79+F79>200001,200000,0) -> 200000 | H79: =E79+F79-G79 -> 1434615.4 | I79: =H79*5% -> 71730.769 | J79: =(E79+F79)-I79 -> 1562884.6
C80: {=_xlfn.IFNA(VLOOKUP(B80,TAX!B:AH,{2,4},0),"")} | E80: =SUMIF(TAX!$B$7:$B$261,B80,TAX!$H$7:$H$261)-SUMIF(TAX!$B$7:$B$261,B80,TAX!$AA$7:$AA$261) -> 0 | F80: =IF(B80=(OR(0=TRUE(),""=TRUE())),0,((SUMIF(TAX!$B$7:$B$137,ເອກະສານແຈ້ງອາກອນ!B80,TAX!$AO$7:$AO$137)))) -> 0 | G80: =IF(E80+F80>200001,200000,0) -> 0 | H80: =E80+F80-G80 -> 0 | I80: =H80*5% -> 0 | J80: =(E80+F80)-I80 -> 0
C81: {=_xlfn.IFNA(VLOOKUP(B81,TAX!B:AH,{2,4},0),"")} | E81: =SUMIF(TAX!$B$7:$B$261,B81,TAX!$H$7:$H$261)-SUMIF(TAX!$B$7:$B$261,B81,TAX!$AA$7:$AA$261) -> 0 | F81: =IF(B81=(OR(0=TRUE(),""=TRUE())),0,((SUMIF(TAX!$B$7:$B$137,ເອກະສານແຈ້ງອາກອນ!B81,TAX!$AO$7:$AO$137)))) -> 0 | G81: =IF(E81+F81>200001,200000,0) -> 0 | H81: =E81+F81-G81 -> 0 | I81: =H81*5% -> 0 | J81: =(E81+F81)-I81 -> 0
C82: {=_xlfn.IFNA(VLOOKUP(B82,TAX!B:AH,{2,4},0),"")} | E82: =SUMIF(TAX!$B$7:$B$261,B82,TAX!$H$7:$H$261)-SUMIF(TAX!$B$7:$B$261,B82,TAX!$AA$7:$AA$261) -> 0 | F82: =IF(B82=(OR(0=TRUE(),""=TRUE())),0,((SUMIF(TAX!$B$7:$B$137,ເອກະສານແຈ້ງອາກອນ!B82,TAX!$AO$7:$AO$137)))) -> 0 | G82: =IF(E82+F82>200001,200000,0) -> 0 | H82: =E82+F82-G82 -> 0 | I82: =H82*5% -> 0 | J82: =(E82+F82)-I82 -> 0
C83: {=_xlfn.IFNA(VLOOKUP(B83,TAX!B:AH,{2,4},0),"")} | E83: =SUMIF(TAX!$B$7:$B$261,B83,TAX!$H$7:$H$261)-SUMIF(TAX!$B$7:$B$261,B83,TAX!$AA$7:$AA$261) -> 0 | F83: =IF(B83=(OR(0=TRUE(),""=TRUE())),0,((SUMIF(TAX!$B$7:$B$137,ເອກະສານແຈ້ງອາກອນ!B83,TAX!$AO$7:$AO$137)))) -> 0 | G83: =IF(E83+F83>200001,200000,0) -> 0 | H83: =E83+F83-G83 -> 0 | I83: =H83*5% -> 0 | J83: =(E83+F83)-I83 -> 0
C84: {=_xlfn.IFNA(VLOOKUP(B84,TAX!B:AH,{2,4},0),"")} | E84: =SUMIF(TAX!$B$7:$B$261,B84,TAX!$H$7:$H$261)-SUMIF(TAX!$B$7:$B$261,B84,TAX!$AA$7:$AA$261) -> 0 | F84: =IF(B84=(OR(0=TRUE(),""=TRUE())),0,((SUMIF(TAX!$B$7:$B$137,ເອກະສານແຈ້ງອາກອນ!B84,TAX!$AO$7:$AO$137)))) -> 0 | G84: =IF(E84+F84>200001,200000,0) -> 0 | H84: =E84+F84-G84 -> 0 | I84: =H84*5% -> 0 | J84: =(E84+F84)-I84 -> 0
C85: {=_xlfn.IFNA(VLOOKUP(B85,TAX!B:AH,{2,4},0),"")} | E85: =SUMIF(TAX!$B$7:$B$261,B85,TAX!$H$7:$H$261)-SUMIF(TAX!$B$7:$B$261,B85,TAX!$AA$7:$AA$261) -> 0 | F85: =IF(B85=(OR(0=TRUE(),""=TRUE())),0,((SUMIF(TAX!$B$7:$B$137,ເອກະສານແຈ້ງອາກອນ!B85,TAX!$AO$7:$AO$137)))) -> 0 | G85: =IF(E85+F85>200001,200000,0) -> 0 | H85: =E85+F85-G85 -> 0 | I85: =H85*5% -> 0 | J85: =(E85+F85)-I85 -> 0
C86: {=_xlfn.IFNA(VLOOKUP(B86,TAX!B:AH,{2,4},0),"")} | E86: =SUMIF(TAX!$B$7:$B$261,B86,TAX!$H$7:$H$261)-SUMIF(TAX!$B$7:$B$261,B86,TAX!$AA$7:$AA$261) -> 0 | F86: =IF(B86=(OR(0=TRUE(),""=TRUE())),0,((SUMIF(TAX!$B$7:$B$137,ເອກະສານແຈ້ງອາກອນ!B86,TAX!$AO$7:$AO$137)))) -> 0 | G86: =IF(E86+F86>200001,200000,0) -> 0 | H86: =E86+F86-G86 -> 0 | I86: =H86*5% -> 0 | J86: =(E86+F86)-I86 -> 0
C87: {=_xlfn.IFNA(VLOOKUP(B87,TAX!B:AH,{2,4},0),"")} | E87: =SUMIF(TAX!$B$7:$B$261,B87,TAX!$H$7:$H$261)-SUMIF(TAX!$B$7:$B$261,B87,TAX!$AA$7:$AA$261) -> 0 | F87: =IF(B87=(OR(0=TRUE(),""=TRUE())),0,((SUMIF(TAX!$B$7:$B$137,ເອກະສານແຈ້ງອາກອນ!B87,TAX!$AO$7:$AO$137)))) -> 0 | G87: =IF(E87+F87>200001,200000,0) -> 0 | H87: =E87+F87-G87 -> 0 | I87: =H87*5% -> 0 | J87: =(E87+F87)-I87 -> 0
C88: {=_xlfn.IFNA(VLOOKUP(B88,TAX!B:AH,{2,4},0),"")} | E88: =SUMIF(TAX!$B$7:$B$261,B88,TAX!$H$7:$H$261)-SUMIF(TAX!$B$7:$B$261,B88,TAX!$AA$7:$AA$261) -> 0 | F88: =IF(B88=(OR(0=TRUE(),""=TRUE())),0,((SUMIF(TAX!$B$7:$B$137,ເອກະສານແຈ້ງອາກອນ!B88,TAX!$AO$7:$AO$137)))) -> 0 | G88: =IF(E88+F88>200001,200000,0) -> 0 | H88: =E88+F88-G88 -> 0 | I88: =H88*5% -> 0 | J88: =(E88+F88)-I88 -> 0
C89: {=_xlfn.IFNA(VLOOKUP(B89,TAX!B:AH,{2,4},0),"")} | E89: =SUMIF(TAX!$B$7:$B$261,B89,TAX!$H$7:$H$261)-SUMIF(TAX!$B$7:$B$261,B89,TAX!$AA$7:$AA$261) -> 0 | F89: =IF(B89=(OR(0=TRUE(),""=TRUE())),0,((SUMIF(TAX!$B$7:$B$137,ເອກະສານແຈ້ງອາກອນ!B89,TAX!$AO$7:$AO$137)))) -> 0 | G89: =IF(E89+F89>200001,200000,0) -> 0 | H89: =E89+F89-G89 -> 0 | I89: =H89*5% -> 0 | J89: =(E89+F89)-I89 -> 0
C90: {=_xlfn.IFNA(VLOOKUP(B90,TAX!B:AH,{2,4},0),"")} | E90: =SUMIF(TAX!$B$7:$B$261,B90,TAX!$H$7:$H$261)-SUMIF(TAX!$B$7:$B$261,B90,TAX!$AA$7:$AA$261) -> 0 | F90: =IF(B90=(OR(0=TRUE(),""=TRUE())),0,((SUMIF(TAX!$B$7:$B$137,ເອກະສານແຈ້ງອາກອນ!B90,TAX!$AO$7:$AO$137)))) -> 0 | G90: =IF(E90+F90>200001,200000,0) -> 0 | H90: =E90+F90-G90 -> 0 | I90: =H90*5% -> 0 | J90: =(E90+F90)-I90 -> 0
C91: {=_xlfn.IFNA(VLOOKUP(B91,TAX!B:AH,{2,4},0),"")} | E91: =SUMIF(TAX!$B$7:$B$261,B91,TAX!$H$7:$H$261)-SUMIF(TAX!$B$7:$B$261,B91,TAX!$AA$7:$AA$261) -> 0 | F91: =IF(B91=(OR(0=TRUE(),""=TRUE())),0,((SUMIF(TAX!$B$7:$B$137,ເອກະສານແຈ້ງອາກອນ!B91,TAX!$AO$7:$AO$137)))) -> 0 | G91: =IF(E91+F91>200001,200000,0) -> 0 | H91: =E91+F91-G91 -> 0 | I91: =H91*5% -> 0 | J91: =(E91+F91)-I91 -> 0
... C107: {=_xlfn.IFNA(VLOOKUP(B107,TAX!B:AH,{2,4},0),"")} | E107: =SUMIF(TAX!$B$7:$B$261,B107,TAX!$H$7:$H$261)-SUMIF(TAX!$B$7:$B$261,B107,TAX!$AA$7:$AA$261) -> 0 | F107: =IF(B107=(OR(0=TRUE(),""=TRUE())),0,((SUMIF(TAX!$B$7:$B$137,ເອກະສານແຈ້ງອາກອນ!B107,TAX!$AO$7:$AO$137)))) -> 0 | G107: =IF(E107+F107>200001,200000,0) -> 0 | H107: =E107+F107-G107 -> 0 | I107: =H107*5% -> 0 | J107: =(E107+F107)-I107 -> 0
E108: =SUMIF(TAX!$B$7:$B$261,B108,TAX!$H$7:$H$261)-SUMIF(TAX!$B$7:$B$261,B108,TAX!$AA$7:$AA$261) -> 0 | F108: =IF(B108=(OR(0=TRUE(),""=TRUE())),0,((SUMIF(TAX!$B$7:$B$137,ເອກະສານແຈ້ງອາກອນ!B108,TAX!$AO$7:$AO$137)))) -> 0 | G108: =IF(E108+F108>200001,200000,0) -> 0 | H108: =E108+F108-G108 -> 0 | I108: =H108*5% -> 0 | J108: =(E108+F108)-I108 -> 0
C110: 2 | E110: =SUBTOTAL(9,E111:E116) -> 81680400 | F110: =SUBTOTAL(9,F111:F116) -> 0 | G110: =SUBTOTAL(9,G111:G116) -> 0 | H110: =SUBTOTAL(9,H111:H116) -> 81680400 | I110: =SUBTOTAL(9,I111:I116) -> 4084020 | J110: =SUBTOTAL(9,J111:J116) -> 77596380
A111: {=_xlfn.SEQUENCE(COUNTA(B111:B116))} -> 1 | B111: {=_xlfn._xlws.FILTER(TAX!B7:B54,TAX!F7:F54="ຕ່າງປະເທດ")} -> MYL000001 | C111: {=_xlfn.IFNA(VLOOKUP(B111,TAX!B:AH,{2,4},0),"")} -> MR PHICHAI EIAMWATTANASILP | D111: Director | E111: =SUMIF(TAX!$B$7:$B$261,B111,TAX!$H$7:$H$261)-SUMIF(TAX!$B$7:$B$261,B111,TAX!$AA$7:$AA$261) -> 68067000 | F111: =IF(B111=(OR(0=TRUE(),""=TRUE())),0,((SUMIF(TAX!$B$7:$B$137,ເອກະສານແຈ້ງອາກອນ!B111,TAX!$AM$7:$AM$137)))) -> 0 | H111: =E111+F111-G111 -> 68067000 | I111: =H111*5% -> 3403350 | J111: =(E111+F111)-I111 -> 64663650
A112: 2 | B112: MYL000005 | C112: {=_xlfn.IFNA(VLOOKUP(B112,TAX!B:AH,{2,4},0),"")} -> MR WEERASIT LEEGCHOUR | D112: Deputy director 04 | E112: =SUMIF(TAX!$B$7:$B$261,B112,TAX!$H$7:$H$261)-SUMIF(TAX!$B$7:$B$261,B112,TAX!$AA$7:$AA$261) -> 13613400 | F112: =IF(B112=(OR(0=TRUE(),""=TRUE())),0,((SUMIF(TAX!$B$7:$B$137,ເອກະສານແຈ້ງອາກອນ!B112,TAX!$AM$7:$AM$137)))) -> 0 | H112: =E112+F112-G112 -> 13613400 | I112: =H112*5% -> 680670 | J112: =(E112+F112)-I112 -> 12932730
C113: {=_xlfn.IFNA(VLOOKUP(B113,TAX!B:AH,{2,4},0),"")} | E113: =SUMIF(TAX!$B$7:$B$261,B113,TAX!$H$7:$H$261)-SUMIF(TAX!$B$7:$B$261,B113,TAX!$AA$7:$AA$261) -> 0 | F113: =IF(B113=(OR(0=TRUE(),""=TRUE())),0,((SUMIF(TAX!$B$7:$B$137,ເອກະສານແຈ້ງອາກອນ!B113,TAX!$AM$7:$AM$137)))) -> 0 | G113: =IF(E113+F113>200001,200000,0) -> 0 | H113: =E113+F113-G113 -> 0 | I113: =H113*5% -> 0 | J113: =(E113+F113)-I113 -> 0
C114: {=_xlfn.IFNA(VLOOKUP(B114,TAX!B:AH,{2,4},0),"")} | E114: =SUMIF(TAX!$B$7:$B$261,B114,TAX!$H$7:$H$261)-SUMIF(TAX!$B$7:$B$261,B114,TAX!$AA$7:$AA$261) -> 0 | F114: =IF(B114=(OR(0=TRUE(),""=TRUE())),0,((SUMIF(TAX!$B$7:$B$137,ເອກະສານແຈ້ງອາກອນ!B114,TAX!$AM$7:$AM$137)))) -> 0 | G114: =IF(E114+F114>200001,200000,0) -> 0 | H114: =E114+F114-G114 -> 0 | I114: =H114*5% -> 0 | J114: =(E114+F114)-I114 -> 0
C115: {=_xlfn.IFNA(VLOOKUP(B115,TAX!B:AH,{2,4},0),"")} | E115: =SUMIF(TAX!$B$7:$B$261,B115,TAX!$H$7:$H$261)-SUMIF(TAX!$B$7:$B$261,B115,TAX!$AA$7:$AA$261) -> 0 | F115: =IF(B115=(OR(0=TRUE(),""=TRUE())),0,((SUMIF(TAX!$B$7:$B$137,ເອກະສານແຈ້ງອາກອນ!B115,TAX!$AM$7:$AM$137)))) -> 0 | G115: =IF(E115+F115>200001,200000,0) -> 0 | H115: =E115+F115-G115 -> 0 | I115: =H115*5% -> 0 | J115: =(E115+F115)-I115 -> 0
C116: {=_xlfn.IFNA(VLOOKUP(B116,TAX!B:AH,{2,4},0),"")} | E116: =SUMIF(TAX!$B$7:$B$261,B116,TAX!$H$7:$H$261)-SUMIF(TAX!$B$7:$B$261,B116,TAX!$AA$7:$AA$261) -> 0 | F116: =IF(B116=(OR(0=TRUE(),""=TRUE())),0,((SUMIF(TAX!$B$7:$B$137,ເອກະສານແຈ້ງອາກອນ!B116,TAX!$AM$7:$AM$137)))) -> 0 | G116: =IF(E116+F116>200001,200000,0) -> 0 | H116: =E116+F116-G116 -> 0 | I116: =H116*5% -> 0 | J116: =(E116+F116)-I116 -> 0
B118: ລວມທັງໝົດ / Grand Total | E118: =SUBTOTAL(9,E111:E116,E9:E108) -> 4.0406897e+08 | F118: =SUBTOTAL(9,F111:F116,F9:F108) -> 1.4069355e+08 | G118: =SUBTOTAL(9,G111:G116,G9:G108) -> 14000000 | H118: =SUBTOTAL(9,H111:H116,H9:H108) -> 5.3076252e+08 | I118: =SUBTOTAL(9,I111:I116,I9:I108) -> 26538126 | J118: =SUBTOTAL(9,J111:J116,J9:J108) -> 5.182244e+08
I119: =TODAY() -> 46223
B120: ຜູ້ອຳນວຍການ | E120: ການເງິນ-ບັນຊີ | I120: ຜູ້ສັງລວມ

Sheet SLIP
AH1: https://www.laotradeportal.gov.la/kcfinder/upload/files/AHTN%202017-Sect_XVII.pdf
F3: #NAME?
B4: ໃບແຈ້ງເງິນເດືອນ
B5: ປະຈຳເດືອນ ມິຖູນາ 2026 | AB5: ="https://wa.me/856"&"2092539860" -> https://wa.me/8562092539860
B6: 1 | C6: ລາຍຊື່ພະນັກງານ | D6: MISS SOUTSADA SOUTHALIN | G6: ເງິນເດືອນພື້ນຖານ | H6: 3500000
B7: 2 | C7: ຕຳແໜ່ງ | D7: Assembly SAS | G7: ມື້ເຮັດວຽກ | H7: 26
B8: 3 | C8: ລະຫັດ | D8: MYL202504053 | G8: ຖືກຕໍ່ມື້ | H8: =H6/H7 -> 134615.38
B9: ລາຍຮັບ | G9: ພັກ3ມື້ | H9: 3
B10: 1 | C10: {=_xlfn.TOCOL(TAX!H6:S6)} -> Basic Salary | D10: =VLOOKUP($D$8,TAX!$B:$AF,7,0) -> 2600000 | H10: =H8*3 -> 403846.15
B11: 2 | C11: Overtime Pay | D11: =VLOOKUP($D$8,TAX!$B:$X,8,0) -> 93750
B12: 3 | C12: Night Shift Allowance | D12: =VLOOKUP($D$8,TAX!$B:$AG,9,0) -> 86250
B13: 4 | C13: Safety Allowance | D13: =VLOOKUP($D$8,TAX!$B:$AG,10,0) -> 0
B14: 5 | C14: Cooperation Allowance | D14: =VLOOKUP($D$8,TAX!$B:$AG,11,0) -> 200000
B15: 6 | C15: Other Allowance | D15: =VLOOKUP($D$8,TAX!$B:$AG,12,0) -> 0
B16: 7 | C16: Diligence Allowance | D16: =VLOOKUP($D$8,TAX!$B:$AG,13,0) -> 250000
B17: 8 | C17: 5S Allowance | D17: =VLOOKUP($D$8,TAX!$B:$AG,14,0) -> 150000
B18: 9 | C18: Housing Allowance | D18: =VLOOKUP($D$8,TAX!$B:$AG,15,0) -> 150000
B19: 10 | C19: Production Target Allowance | D19: =VLOOKUP($D$8,TAX!$B:$AG,16,0) -> 200000
B20: 11 | C20: Position Allowance | D20: =VLOOKUP($D$8,TAX!$B:$AG,17,0) -> 350000
B21: 12 | C21: Fuel Allowance | D21: =VLOOKUP($D$8,TAX!$B:$AG,18,0) -> 384615.38
C22: ລວມຮັບ | D22: =SUM(D10:D21) -> 4464615.4
B24: 1 | C24: {=_xlfn.TOCOL(TAX!U6:Z6)} -> Social Security | D24: =VLOOKUP($D$8,TAX!$B:$AF,20,0) -> 88000
B25: 2 | C25: Late Penalty (1-10 mins) | D25: =VLOOKUP($D$8,TAX!$B:$AF,21,0) -> 0
B26: 3 | C26: Late Penalty (10-30 mins) | D26: =VLOOKUP($D$8,TAX!$B:$AF,22,0) -> 0
B27: 4 | C27: Late Penalty (30+ mins) | D27: =VLOOKUP($D$8,TAX!$B:$AF,23,0) -> 0
B28: 5 | C28: Absence Deduction | D28: =VLOOKUP($D$8,TAX!$B:$AF,24,0) -> 0
B29: 6 | C29: incomplete Month Deduction | D29: =VLOOKUP($D$8,TAX!$B:$AF,25,0) -> 0
B30: 7 | C30: ພາສີລາຍໄດ້ສ່ວນບຸກຄົນ 5% | D30: =VLOOKUP($D$8,TAX!$B:$AF,29,0) -> 208830.77
C31: ລວມຫັກ | D31: =D24+D25+D26+D27+D28+D29+D30 -> 296830.77 | F31: =D22*5% -> 223230.77
C32: ລວມຮັບສຸດທິ | D32: =D22-D31 -> 4167784.6
C34: Requestor | D34: HR department

Sheet Sheet1
